 ,Greedy,Uniform,A*,Dijkstras, ,Greedy,Uniform,A*,Dijkstras
Time:,0.0253298282623291,0.024970054626464844,0.02354717254638672,0.023631811141967773,Traffic:,13,13,13,13
Time:,0.18376994132995605,0.18127012252807617,0.1935882568359375,0.7594077587127686,Traffic:,51,51,51,51
Time:,0.2196369171142578,0.23869609832763672,0.24482393264770508,0.809748649597168,Traffic:,81,76,76,76
Time:,0.25363874435424805,0.2931523323059082,0.2946479320526123,0.86031174659729,Traffic:,126,98,98,98
Time:,0.27868056297302246,0.34130120277404785,0.33991289138793945,0.9077017307281494,Traffic:,108,108,108,108
Time:,0.2970542907714844,0.3735170364379883,0.37085509300231934,0.9378876686096191,Traffic:,69,69,69,69
Time:,0.33518123626708984,0.4599452018737793,0.4486241340637207,1.0226967334747314,Traffic:,127,118,118,118
Time:,0.4627041816711426,0.8497653007507324,0.8202629089355469,1.387415885925293,Traffic:,454,404,404,405
Time:,0.808110237121582,2.2948551177978516,2.1824026107788086,2.8718550205230713,Traffic:,625,567,567,567
Time:,0.8284153938293457,2.344302177429199,2.2250826358795166,2.917794942855835,Traffic:,85,78,78,78
Time:,1.327831506729126,3.249138355255127,3.0772557258605957,3.8304250240325928,Traffic:,310,174,174,176
Time:,1.417372465133667,3.346961259841919,3.174966812133789,3.927967071533203,Traffic:,201,201,201,201
Time:,1.4637644290924072,3.406888246536255,3.2352421283721924,3.988676071166992,Traffic:,209,209,209,209
Time:,1.5065553188323975,3.4983394145965576,3.326740264892578,4.080376386642456,Traffic:,169,169,169,169
Time:,1.533329963684082,3.5605905055999756,3.386066198348999,4.14402437210083,Traffic:,95,92,92,92
Time:,1.5794639587402344,3.6494593620300293,3.4733710289001465,4.2325475215911865,Traffic:,170,143,143,143


Time:,0.0015370845794677734,0.0014829635620117188,0.0012750625610351562,0.0022420883178710938,Traffic:,18,18,18,18
Time:,0.008984088897705078,0.009659767150878906,0.009454965591430664,0.010241031646728516,Traffic:,34,34,34,34
Time:,0.037258148193359375,0.056305885314941406,0.053517818450927734,0.05509018898010254,Traffic:,80,71,71,71
Time:,0.06799507141113281,0.10864496231079102,0.10404491424560547,0.11008930206298828,Traffic:,109,104,104,104
Time:,0.0927588939666748,0.1544029712677002,0.14956188201904297,0.15624523162841797,Traffic:,103,103,103,103
Time:,0.11207890510559082,0.185546875,0.1790008544921875,0.18697643280029297,Traffic:,63,63,63,63
Time:,0.1494138240814209,0.2703275680541992,0.26463985443115234,0.2736854553222656,Traffic:,141,139,139,139
Time:,0.2770040035247803,0.656336784362793,0.6440448760986328,0.6530807018280029,Traffic:,396,371,372,371
Time:,0.6304471492767334,2.255624771118164,2.142551898956299,2.2716028690338135,Traffic:,640,537,538,537
Time:,0.6510028839111328,2.294299840927124,2.177140951156616,2.3110690116882324,Traffic:,79,79,79,79
Time:,1.1523878574371338,3.375864028930664,3.197690010070801,3.3871607780456543,Traffic:,318,218,218,218
Time:,1.2429287433624268,3.472774028778076,3.2966129779815674,3.486166000366211,Traffic:,178,178,178,178
Time:,1.288956642150879,3.5345301628112793,3.356729030609131,3.5484039783477783,Traffic:,192,187,187,187
Time:,1.333120346069336,3.6279051303863525,3.4495341777801514,3.6435699462890625,Traffic:,181,181,181,181
Time:,1.3593342304229736,3.6991121768951416,3.516883134841919,3.718015670776367,Traffic:,102,101,101,101
Time:,1.4061782360076904,3.796858072280884,3.607875108718872,3.818035840988159,Traffic:,148,148,148,148


Time:,0.0017828941345214844,0.0024580955505371094,0.0013728141784667969,0.0014281272888183594,Traffic:,13,13,13,13
Time:,0.009931087493896484,0.010013341903686523,0.008668899536132812,0.008622407913208008,Traffic:,41,41,41,41
Time:,0.03754401206970215,0.05876564979553223,0.054167747497558594,0.0554964542388916,Traffic:,93,69,69,69
Time:,0.06916213035583496,0.10725164413452148,0.1006166934967041,0.11099648475646973,Traffic:,122,81,81,81
Time:,0.09403300285339355,0.1573946475982666,0.14888978004455566,0.15870881080627441,Traffic:,106,106,106,106
Time:,0.11391592025756836,0.19822263717651367,0.18458986282348633,0.1999526023864746,Traffic:,88,88,88,88
Time:,0.15158510208129883,0.290008544921875,0.2758355140686035,0.2895205020904541,Traffic:,150,150,150,150
Time:,0.2860872745513916,0.668494701385498,0.6491436958312988,0.6664316654205322,Traffic:,405,391,391,392
Time:,0.6319682598114014,2.2593348026275635,2.4891605377197266,2.291111469268799,Traffic:,661,580,580,584
Time:,0.6524693965911865,2.300165891647339,2.5248594284057617,2.3334286212921143,Traffic:,62,62,62,62
Time:,1.1650793552398682,3.4166617393493652,3.6095874309539795,3.545497417449951,Traffic:,310,194,194,194
Time:,1.2644023895263672,3.5623395442962646,3.728994607925415,3.663862466812134,Traffic:,185,185,185,185
Time:,1.3177876472473145,3.6303975582122803,3.791827440261841,3.7256274223327637,Traffic:,212,206,206,206
Time:,1.3606922626495361,3.724036455154419,3.9044172763824463,3.8785412311553955,Traffic:,175,163,163,163
Time:,1.3960471153259277,3.7978415489196777,3.965602397918701,3.958540201187134,Traffic:,124,124,124,124
Time:,1.450998067855835,3.9079434871673584,4.071964502334595,4.068777084350586,Traffic:,164,164,164,164


Time:,0.0016498565673828125,0.0014541149139404297,0.0013988018035888672,0.0013659000396728516,Traffic:,17,17,17,17
Time:,0.010560750961303711,0.009570121765136719,0.011614799499511719,0.011293888092041016,Traffic:,42,42,42,42
Time:,0.04240846633911133,0.05715799331665039,0.060080766677856445,0.06229877471923828,Traffic:,67,65,65,65
Time:,0.07577252388000488,0.11919903755187988,0.13423585891723633,0.12896203994750977,Traffic:,127,118,118,118
Time:,0.1058206558227539,0.17560315132141113,0.19064021110534668,0.1841437816619873,Traffic:,109,109,109,109
Time:,0.13136577606201172,0.21229004859924316,0.2263932228088379,0.22364449501037598,Traffic:,65,65,65,65
Time:,0.18167972564697266,0.32537293434143066,0.33927130699157715,0.32514429092407227,Traffic:,156,151,151,151
Time:,0.3141508102416992,0.7024610042572021,0.7111821174621582,0.7066152095794678,Traffic:,459,422,422,422
Time:,0.6643197536468506,2.4097862243652344,2.4172332286834717,2.423220157623291,Traffic:,681,604,604,605
Time:,0.684943675994873,2.4557530879974365,2.465649366378784,2.470968246459961,Traffic:,71,65,65,65
Time:,1.1941967010498047,3.6340432167053223,3.533595323562622,3.561065435409546,Traffic:,337,198,199,198
Time:,1.2945826053619385,3.7587521076202393,3.638063430786133,3.6697826385498047,Traffic:,243,243,243,243
Time:,1.3471636772155762,3.826462984085083,3.7019102573394775,3.738368511199951,Traffic:,215,215,215,215
Time:,1.3955445289611816,3.9302010536193848,3.7990782260894775,3.84097957611084,Traffic:,181,157,157,157
Time:,1.4221553802490234,3.9841513633728027,3.85092830657959,3.9049437046051025,Traffic:,89,89,89,89
Time:,1.4712581634521484,4.092794179916382,3.951266288757324,4.017523527145386,Traffic:,189,186,186,186


Time:,0.0016634464263916016,0.0015790462493896484,0.0015981197357177734,0.0014078617095947266,Traffic:,14,14,14,14
Time:,0.010474443435668945,0.010299921035766602,0.009264230728149414,0.009231090545654297,Traffic:,35,35,35,35
Time:,0.03969836235046387,0.06233978271484375,0.05904698371887207,0.05847907066345215,Traffic:,77,66,66,66
Time:,0.07379555702209473,0.12120652198791504,0.12081193923950195,0.11885595321655273,Traffic:,120,94,94,94
Time:,0.1051015853881836,0.18390250205993652,0.17946696281433105,0.17694783210754395,Traffic:,107,103,103,103
Time:,0.1244807243347168,0.2249612808227539,0.22211313247680664,0.21630048751831055,Traffic:,73,73,73,73
Time:,0.1632857322692871,0.30458831787109375,0.29517292976379395,0.2960975170135498,Traffic:,118,115,115,115
Time:,0.2983565330505371,0.6795153617858887,0.6732947826385498,0.7459554672241211,Traffic:,468,433,433,435
Time:,0.6535325050354004,2.2517614364624023,2.159168004989624,2.393752336502075,Traffic:,663,584,584,584
Time:,0.6771254539489746,2.2892215251922607,2.194124698638916,2.4293336868286133,Traffic:,73,71,71,71
Time:,1.1994984149932861,3.352586269378662,3.1986355781555176,3.47501277923584,Traffic:,363,188,188,188
Time:,1.2924084663391113,3.4513461589813232,3.301051616668701,3.5749588012695312,Traffic:,184,184,184,184
Time:,1.3391144275665283,3.514065980911255,3.3618273735046387,3.6375958919525146,Traffic:,188,186,186,186
Time:,1.3816373348236084,3.637787103652954,3.45434832572937,3.730468988418579,Traffic:,200,192,192,192
Time:,1.4078142642974854,3.701568365097046,3.51007342338562,3.79179310798645,Traffic:,93,93,93,93
Time:,1.4564180374145508,3.8019204139709473,3.6043951511383057,3.8903090953826904,Traffic:,213,195,195,195


Time:,0.0014929771423339844,0.0016989707946777344,0.0014438629150390625,0.0013661384582519531,Traffic:,7,7,7,7
Time:,0.00941610336303711,0.009341716766357422,0.008556842803955078,0.008571863174438477,Traffic:,51,51,51,51
Time:,0.07741713523864746,0.05959057807922363,0.05724382400512695,0.054991960525512695,Traffic:,60,58,58,60
Time:,0.11122894287109375,0.1127467155456543,0.10931777954101562,0.11444592475891113,Traffic:,116,96,96,96
Time:,0.13588690757751465,0.16179561614990234,0.15940046310424805,0.16225790977478027,Traffic:,88,88,88,88
Time:,0.15565705299377441,0.19360566139221191,0.18963837623596191,0.19407320022583008,Traffic:,67,67,67,67
Time:,0.19637513160705566,0.28331470489501953,0.2779524326324463,0.2889692783355713,Traffic:,116,111,111,111
Time:,0.33054375648498535,0.7392699718475342,0.6647303104400635,0.6792023181915283,Traffic:,413,396,396,396
Time:,0.7241039276123047,2.531721830368042,2.3012750148773193,2.400888442993164,Traffic:,625,563,563,564
Time:,0.7443270683288574,2.580321788787842,2.343752145767212,2.4463934898376465,Traffic:,82,82,82,82
Time:,1.2985692024230957,3.5988070964813232,3.3408989906311035,3.459737539291382,Traffic:,322,174,174,176
Time:,1.3913562297821045,3.693588972091675,3.434988021850586,3.5580368041992188,Traffic:,157,157,157,157
Time:,1.4391140937805176,3.7562451362609863,3.4967329502105713,3.6196861267089844,Traffic:,197,197,197,197
Time:,1.4834723472595215,3.8479061126708984,3.595590114593506,3.7118842601776123,Traffic:,180,180,180,180
Time:,1.5102663040161133,3.911653757095337,3.649254083633423,3.7759783267974854,Traffic:,101,101,101,101
Time:,1.5574753284454346,4.012064695358276,3.744678020477295,3.877401351928711,Traffic:,221,205,205,205


Time:,0.0013141632080078125,0.0012900829315185547,0.0013272762298583984,0.001943826675415039,Traffic:,9,9,9,9
Time:,0.008962154388427734,0.009420156478881836,0.009934425354003906,0.010396957397460938,Traffic:,61,61,61,61
Time:,0.0686180591583252,0.06178998947143555,0.06296133995056152,0.0625920295715332,Traffic:,92,65,65,65
Time:,0.10170292854309082,0.11542201042175293,0.11543917655944824,0.11730003356933594,Traffic:,128,94,94,94
Time:,0.12638497352600098,0.16194701194763184,0.16007709503173828,0.1648409366607666,Traffic:,108,108,108,108
Time:,0.1464097499847412,0.1943042278289795,0.1904892921447754,0.19808292388916016,Traffic:,68,68,68,68
Time:,0.18604564666748047,0.28290224075317383,0.27698445320129395,0.2869737148284912,Traffic:,143,141,141,141
Time:,0.31869077682495117,0.648813009262085,0.6431221961975098,0.6588447093963623,Traffic:,403,377,377,377
Time:,0.6705479621887207,2.3011550903320312,2.156217098236084,2.2682626247406006,Traffic:,699,597,597,597
Time:,0.6904828548431396,2.3505232334136963,2.1964690685272217,2.314234733581543,Traffic:,89,89,89,89
Time:,1.2101812362670898,3.4817440509796143,3.280967950820923,3.422161817550659,Traffic:,334,198,198,199
Time:,1.3025569915771484,3.5832509994506836,3.3824362754821777,3.5223147869110107,Traffic:,211,211,211,211
Time:,1.3518941402435303,3.6439781188964844,3.442288398742676,3.585965871810913,Traffic:,201,201,201,201
Time:,1.397244930267334,3.736849069595337,3.535107374191284,3.6811506748199463,Traffic:,199,189,189,189
Time:,1.4248719215393066,3.799417018890381,3.5900473594665527,3.7443466186523438,Traffic:,111,111,111,111
Time:,1.4738152027130127,3.8908498287200928,3.6780805587768555,3.833707571029663,Traffic:,213,192,192,192


Time:,0.001295328140258789,0.0011949539184570312,0.0017499923706054688,0.0011298656463623047,Traffic:,8,8,8,8
Time:,0.008742332458496094,0.009141921997070312,0.010094165802001953,0.009523868560791016,Traffic:,43,43,43,43
Time:,0.0656592845916748,0.05824089050292969,0.05704545974731445,0.05615115165710449,Traffic:,56,53,53,53
Time:,0.09952545166015625,0.11505293846130371,0.11534953117370605,0.11547207832336426,Traffic:,105,91,91,93
Time:,0.12529754638671875,0.15920615196228027,0.15845251083374023,0.16176104545593262,Traffic:,89,89,89,89
Time:,0.1454474925994873,0.19214892387390137,0.18930959701538086,0.19423222541809082,Traffic:,84,84,84,84
Time:,0.18468952178955078,0.28360581398010254,0.2757575511932373,0.2894620895385742,Traffic:,130,130,130,130
Time:,0.32024240493774414,0.6676735877990723,0.6566717624664307,0.667748212814331,Traffic:,446,414,415,414
Time:,0.6815674304962158,2.3801467418670654,2.247727632522583,2.3598830699920654,Traffic:,657,593,593,593
Time:,0.7035865783691406,2.421659469604492,2.2853715419769287,2.4026381969451904,Traffic:,67,60,60,60
Time:,1.2213585376739502,3.4848525524139404,3.3146307468414307,3.4825260639190674,Traffic:,293,177,177,178
Time:,1.315307378768921,3.5856375694274902,3.4173266887664795,3.5844390392303467,Traffic:,194,194,194,194
Time:,1.3639347553253174,3.6486716270446777,3.4797534942626953,3.6471669673919678,Traffic:,227,221,221,221
Time:,1.4084267616271973,3.7441647052764893,3.5730535984039307,3.7409000396728516,Traffic:,169,169,169,171
Time:,1.4360487461090088,3.808185577392578,3.62777042388916,3.8047549724578857,Traffic:,85,82,82,82
Time:,1.4819936752319336,3.915634870529175,3.731701135635376,3.913986921310425,Traffic:,201,187,187,187


Time:,0.0027818679809570312,0.0011959075927734375,0.001207113265991211,0.0013680458068847656,Traffic:,8,8,8,8
Time:,0.009953975677490234,0.008069992065429688,0.008264303207397461,0.010802984237670898,Traffic:,26,26,26,26
Time:,0.06695389747619629,0.05551886558532715,0.053908348083496094,0.05802488327026367,Traffic:,72,60,60,60
Time:,0.09872269630432129,0.1071479320526123,0.10447907447814941,0.10729479789733887,Traffic:,128,110,110,110
Time:,0.12390947341918945,0.15266990661621094,0.15245699882507324,0.1552436351776123,Traffic:,97,97,97,97
Time:,0.14406847953796387,0.18416905403137207,0.18169403076171875,0.18697047233581543,Traffic:,64,64,64,64
Time:,0.18398547172546387,0.27222418785095215,0.2647738456726074,0.2772824764251709,Traffic:,122,121,121,121
Time:,0.31974363327026367,0.6383330821990967,0.6296608448028564,0.6384165287017822,Traffic:,355,326,326,326
Time:,0.6785306930541992,2.4237630367279053,2.3229198455810547,2.3309924602508545,Traffic:,720,623,623,623
Time:,0.6990218162536621,2.4713330268859863,2.368328809738159,2.3796613216400146,Traffic:,71,71,71,71
Time:,1.2150299549102783,3.4276041984558105,3.2963287830352783,3.3293044567108154,Traffic:,326,184,184,184
Time:,1.306678056716919,3.5274248123168945,3.397981643676758,3.4298365116119385,Traffic:,225,225,225,225
Time:,1.3542571067810059,3.589197874069214,3.4599666595458984,3.4926304817199707,Traffic:,211,211,211,211
Time:,1.3979930877685547,3.682178020477295,3.55271577835083,3.5869407653808594,Traffic:,185,184,185,184
Time:,1.4243531227111816,3.7345330715179443,3.602529764175415,3.6404497623443604,Traffic:,92,91,91,91
Time:,1.4728102684020996,3.8343541622161865,3.6950807571411133,3.7414467334747314,Traffic:,176,176,176,176


Time:,0.001245260238647461,0.0012900829315185547,0.0011949539184570312,0.0014081001281738281,Traffic:,19,19,19,19
Time:,0.00832819938659668,0.009141206741333008,0.009115219116210938,0.009573221206665039,Traffic:,36,36,36,36
Time:,0.06417512893676758,0.05761313438415527,0.055605173110961914,0.05646538734436035,Traffic:,84,72,72,76
Time:,0.09660506248474121,0.12021732330322266,0.11365318298339844,0.11758852005004883,Traffic:,133,118,118,121
Time:,0.1227731704711914,0.17222237586975098,0.16069507598876953,0.16868948936462402,Traffic:,104,104,104,104
Time:,0.14404726028442383,0.208740234375,0.19955229759216309,0.20877933502197266,Traffic:,75,75,75,75
Time:,0.18751025199890137,0.3055732250213623,0.2833123207092285,0.29729127883911133,Traffic:,120,115,115,115
Time:,0.32513427734375,0.6909053325653076,0.6791622638702393,0.8733282089233398,Traffic:,409,375,375,375
Time:,0.6732802391052246,2.670128107070923,2.3122591972351074,2.5597853660583496,Traffic:,627,594,595,594
Time:,0.6946001052856445,2.7150890827178955,2.352191209793091,2.604055404663086,Traffic:,71,69,69,69
Time:,1.2053461074829102,3.7940499782562256,3.383409261703491,3.7154252529144287,Traffic:,299,189,189,189
Time:,1.2974421977996826,3.890859842300415,3.4856362342834473,3.817279100418091,Traffic:,198,198,198,198
Time:,1.3468294143676758,3.9500787258148193,3.5428671836853027,3.8777852058410645,Traffic:,204,202,202,202
Time:,1.3898022174835205,4.039323806762695,3.6299149990081787,3.9677960872650146,Traffic:,159,157,157,157
Time:,1.416025161743164,4.10153865814209,3.6842257976531982,4.042407989501953,Traffic:,101,101,101,101
Time:,1.4665682315826416,4.20711350440979,3.7825777530670166,4.1436848640441895,Traffic:,183,180,180,180


Time:,0.0015888214111328125,0.001611948013305664,0.0013840198516845703,0.0023899078369140625,Traffic:,5,5,5,5
Time:,0.009694814682006836,0.009929180145263672,0.010338783264160156,0.010394096374511719,Traffic:,44,44,44,44
Time:,0.07187080383300781,0.0626821517944336,0.059744834899902344,0.05984020233154297,Traffic:,63,56,56,58
Time:,0.10536575317382812,0.11728930473327637,0.11119365692138672,0.11407709121704102,Traffic:,119,84,84,84
Time:,0.13134145736694336,0.16304230690002441,0.1588728427886963,0.1606581211090088,Traffic:,103,103,103,103
Time:,0.15235042572021484,0.1945044994354248,0.19018983840942383,0.19185400009155273,Traffic:,88,88,88,88
Time:,0.19248628616333008,0.28423047065734863,0.2813868522644043,0.2817966938018799,Traffic:,142,140,140,140
Time:,0.3281853199005127,0.6710984706878662,0.6587910652160645,0.6712367534637451,Traffic:,430,388,389,388
Time:,0.6912720203399658,2.4390475749969482,2.353015184402466,2.452650785446167,Traffic:,682,586,586,586
Time:,0.7131571769714355,2.472165584564209,2.383202075958252,2.488398551940918,Traffic:,63,53,53,53
Time:,1.2350342273712158,3.7290515899658203,3.6812679767608643,4.078669548034668,Traffic:,359,205,205,205
Time:,1.3420119285583496,3.8339996337890625,3.78578519821167,4.181288480758667,Traffic:,207,207,207,207
Time:,1.39162278175354,3.899979591369629,3.8475072383880615,4.2444164752960205,Traffic:,214,213,213,213
Time:,1.4341397285461426,3.994518756866455,3.9389452934265137,4.3477623462677,Traffic:,147,140,141,140
Time:,1.4643933773040771,4.051482915878296,3.9930834770202637,4.404237270355225,Traffic:,92,92,92,92
Time:,1.518111228942871,4.156618595123291,4.090846300125122,4.516589403152466,Traffic:,152,143,143,143


Time:,0.0016939640045166016,0.0014221668243408203,0.0015969276428222656,0.0013630390167236328,Traffic:,14,14,14,14
Time:,0.011633872985839844,0.011246204376220703,0.01134800910949707,0.011011838912963867,Traffic:,33,33,33,33
Time:,0.0800628662109375,0.06697821617126465,0.06328511238098145,0.06418704986572266,Traffic:,73,60,60,60
Time:,0.12305164337158203,0.12116408348083496,0.11553621292114258,0.12103796005249023,Traffic:,108,106,106,106
Time:,0.15185260772705078,0.16906309127807617,0.16527795791625977,0.17078208923339844,Traffic:,92,92,92,92
Time:,0.1703963279724121,0.1985762119293213,0.1962599754333496,0.20337891578674316,Traffic:,73,73,73,73
Time:,0.2098391056060791,0.296905517578125,0.29238319396972656,0.2992136478424072,Traffic:,142,135,135,135
Time:,0.34530210494995117,0.7401406764984131,0.7598841190338135,0.735278844833374,Traffic:,407,394,394,394
Time:,0.78338623046875,2.404371500015259,2.408344268798828,2.3087518215179443,Traffic:,705,580,580,580
Time:,0.804314136505127,2.4447085857391357,2.4465653896331787,2.3478376865386963,Traffic:,81,77,77,77
Time:,1.3175301551818848,3.370332717895508,3.317782402038574,3.326784610748291,Traffic:,307,165,165,168
Time:,1.4082653522491455,3.471247911453247,3.419860363006592,3.4291465282440186,Traffic:,188,188,188,188
Time:,1.4559111595153809,3.532201051712036,3.4811644554138184,3.491640567779541,Traffic:,230,230,230,230
Time:,1.515928030014038,3.6409199237823486,3.587989330291748,3.6072185039520264,Traffic:,168,168,168,168
Time:,1.5437121391296387,3.6955580711364746,3.635587453842163,3.6615302562713623,Traffic:,92,92,92,92
Time:,1.5935263633728027,3.778217077255249,3.707695484161377,3.743644952774048,Traffic:,178,160,160,160


Time:,0.0017230510711669922,0.0015361309051513672,0.0014939308166503906,0.001390695571899414,Traffic:,3,3,3,3
Time:,0.010698080062866211,0.009858369827270508,0.009886026382446289,0.009584665298461914,Traffic:,31,31,31,31
Time:,0.07439017295837402,0.05818939208984375,0.052362680435180664,0.05534958839416504,Traffic:,41,41,41,41
Time:,0.1092381477355957,0.10574030876159668,0.10730671882629395,0.10896635055541992,Traffic:,122,92,92,92
Time:,0.1439521312713623,0.1818222999572754,0.17551255226135254,0.17423343658447266,Traffic:,96,96,96,96
Time:,0.1686849594116211,0.2191612720489502,0.2127823829650879,0.21065330505371094,Traffic:,65,65,65,65
Time:,0.21085119247436523,0.30882835388183594,0.2975494861602783,0.30014729499816895,Traffic:,136,133,133,133
Time:,0.3478891849517822,0.6946144104003906,0.6782722473144531,0.6863822937011719,Traffic:,437,396,396,396
Time:,0.7180321216583252,2.430523157119751,2.3023293018341064,2.47099232673645,Traffic:,650,568,568,568
Time:,0.7464051246643066,2.4769184589385986,2.3551924228668213,2.5274674892425537,Traffic:,78,73,73,73
Time:,1.4233689308166504,3.612131357192993,3.3404524326324463,3.5637283325195312,Traffic:,346,190,190,190
Time:,1.5146958827972412,3.7162041664123535,3.442779302597046,3.6639304161071777,Traffic:,200,200,200,200
Time:,1.5629146099090576,3.7802929878234863,3.505667209625244,3.7430427074432373,Traffic:,201,201,201,201
Time:,1.6116557121276855,3.8864738941192627,3.598083257675171,3.84718656539917,Traffic:,146,146,146,146
Time:,1.6415817737579346,3.9709360599517822,3.665555238723755,3.933469772338867,Traffic:,113,107,107,107
Time:,1.6884009838104248,4.085126876831055,3.7751832008361816,4.048826694488525,Traffic:,162,159,159,159


Time:,0.002496004104614258,0.0015659332275390625,0.001810312271118164,0.0014982223510742188,Traffic:,10,10,10,10
Time:,0.012019157409667969,0.010659933090209961,0.009840250015258789,0.009394407272338867,Traffic:,25,25,25,25
Time:,0.04144406318664551,0.06534481048583984,0.0627293586730957,0.05830240249633789,Traffic:,65,58,58,58
Time:,0.07525491714477539,0.12162089347839355,0.12398028373718262,0.11943745613098145,Traffic:,126,106,107,106
Time:,0.10786104202270508,0.18046164512634277,0.17439723014831543,0.18744325637817383,Traffic:,104,104,104,104
Time:,0.13071513175964355,0.22492551803588867,0.21773719787597656,0.23201751708984375,Traffic:,57,57,57,57
Time:,0.17592692375183105,0.32656264305114746,0.3130643367767334,0.3359694480895996,Traffic:,115,115,115,115
Time:,0.31594419479370117,0.7007427215576172,0.6903352737426758,0.7068710327148438,Traffic:,408,396,396,396
Time:,0.6792893409729004,2.3825275897979736,2.293091297149658,2.444025993347168,Traffic:,678,612,613,613
Time:,0.7009716033935547,2.4328274726867676,2.3408544063568115,2.4952938556671143,Traffic:,76,76,76,76
Time:,1.2233827114105225,3.6264305114746094,3.4865901470184326,3.6862876415252686,Traffic:,374,212,213,212
Time:,1.321610689163208,3.7314765453338623,3.5947580337524414,3.799360752105713,Traffic:,187,187,187,187
Time:,1.370255470275879,3.7954797744750977,3.657543659210205,3.8612828254699707,Traffic:,205,204,204,204
Time:,1.4144046306610107,3.8896210193634033,3.7482898235321045,3.951197862625122,Traffic:,177,177,177,177
Time:,1.4399847984313965,3.955657958984375,3.8062238693237305,4.019457817077637,Traffic:,107,106,106,106
Time:,1.489189624786377,4.041588068008423,3.885500907897949,4.1063127517700195,Traffic:,213,186,186,186


Time:,0.0016148090362548828,0.0011560916900634766,0.0011169910430908203,0.0017840862274169922,Traffic:,7,7,7,7
Time:,0.009246826171875,0.008157014846801758,0.008293867111206055,0.010437250137329102,Traffic:,48,48,48,48
Time:,0.03865480422973633,0.055303096771240234,0.05490279197692871,0.05675530433654785,Traffic:,72,63,63,63
Time:,0.07034087181091309,0.09750509262084961,0.09712958335876465,0.10124039649963379,Traffic:,124,80,80,80
Time:,0.09505009651184082,0.14645814895629883,0.14824247360229492,0.15113139152526855,Traffic:,113,113,113,113
Time:,0.11416912078857422,0.18077421188354492,0.18115949630737305,0.1843094825744629,Traffic:,83,83,83,83
Time:,0.15289807319641113,0.2668952941894531,0.2628922462463379,0.2738635540008545,Traffic:,134,132,132,132
Time:,0.2865469455718994,0.6382350921630859,0.6348843574523926,0.6475532054901123,Traffic:,386,374,374,374
Time:,0.6299769878387451,2.3340001106262207,2.2414355278015137,2.3657290935516357,Traffic:,682,609,609,609
Time:,0.6504580974578857,2.3779780864715576,2.2799298763275146,2.4094343185424805,Traffic:,88,88,88,88
Time:,1.1687581539154053,3.503385066986084,3.388298988342285,3.500319242477417,Traffic:,373,202,202,203
Time:,1.262115240097046,3.606386184692383,3.490041732788086,3.6044983863830566,Traffic:,202,202,202,202
Time:,1.3095784187316895,3.669631242752075,3.5534820556640625,3.6676743030548096,Traffic:,230,225,225,225
Time:,1.35383939743042,3.763051986694336,3.6453280448913574,3.7628281116485596,Traffic:,171,171,171,171
Time:,1.3798363208770752,3.8160340785980225,3.694819211959839,3.819261312484741,Traffic:,98,98,98,98
Time:,1.427619457244873,3.9361648559570312,3.8005361557006836,3.9405782222747803,Traffic:,214,206,206,206


Time:,0.0012521743774414062,0.0012543201446533203,0.001293182373046875,0.0011551380157470703,Traffic:,16,16,16,16
Time:,0.010023355484008789,0.009472370147705078,0.008363962173461914,0.009322881698608398,Traffic:,37,37,37,37
Time:,0.07454943656921387,0.053534507751464844,0.05344891548156738,0.05442976951599121,Traffic:,55,52,52,52
Time:,0.10706353187561035,0.11410069465637207,0.11812090873718262,0.11828184127807617,Traffic:,113,97,97,97
Time:,0.13434052467346191,0.15761256217956543,0.16180777549743652,0.16195893287658691,Traffic:,73,73,73,73
Time:,0.15460944175720215,0.1908705234527588,0.19360876083374023,0.2000749111175537,Traffic:,76,76,76,76
Time:,0.19684958457946777,0.2917592525482178,0.2889676094055176,0.2985217571258545,Traffic:,131,126,126,126
Time:,0.33020544052124023,0.6767055988311768,0.6671793460845947,0.6750795841217041,Traffic:,431,389,390,389
Time:,0.6723873615264893,2.262272596359253,2.321791172027588,2.2567315101623535,Traffic:,721,639,639,639
Time:,0.6930835247039795,2.304863691329956,2.363471269607544,2.3017563819885254,Traffic:,87,87,87,87
Time:,1.2025182247161865,3.4464216232299805,3.5817670822143555,3.5374393463134766,Traffic:,360,199,202,202
Time:,1.2974622249603271,3.546874523162842,3.6779820919036865,3.6342084407806396,Traffic:,176,176,176,176
Time:,1.3464343547821045,3.6091854572296143,3.739403009414673,3.698368549346924,Traffic:,219,215,215,215
Time:,1.3898942470550537,3.7053334712982178,3.8332159519195557,3.794487237930298,Traffic:,190,190,190,190
Time:,1.4177052974700928,3.7688543796539307,3.8894641399383545,3.8584914207458496,Traffic:,109,109,109,109
Time:,1.4670352935791016,3.87754225730896,3.995786428451538,3.967207431793213,Traffic:,169,165,165,165


Time:,0.0012459754943847656,0.0013499259948730469,0.0013146400451660156,0.0011599063873291016,Traffic:,8,8,8,8
Time:,0.008460044860839844,0.009325981140136719,0.010054588317871094,0.011033058166503906,Traffic:,51,51,51,51
Time:,0.06631708145141602,0.05583786964416504,0.05658769607543945,0.06021308898925781,Traffic:,66,54,54,57
Time:,0.09908604621887207,0.1114647388458252,0.11272263526916504,0.11388278007507324,Traffic:,144,115,115,115
Time:,0.12660503387451172,0.16201162338256836,0.16351985931396484,0.1622447967529297,Traffic:,113,113,113,113
Time:,0.14660096168518066,0.1959383487701416,0.19701457023620605,0.19786882400512695,Traffic:,89,89,89,89
Time:,0.18759870529174805,0.288297176361084,0.28962039947509766,0.2938969135284424,Traffic:,123,123,123,123
Time:,0.3256075382232666,0.7333822250366211,0.7310056686401367,0.6788618564605713,Traffic:,401,353,353,353
Time:,0.6730775833129883,2.4266161918640137,2.3246796131134033,2.3693037033081055,Traffic:,712,604,604,604
Time:,0.6943004131317139,2.476854085922241,2.3745627403259277,2.418757915496826,Traffic:,81,81,81,81
Time:,1.2125294208526611,3.651721239089966,3.4542348384857178,3.6396069526672363,Traffic:,327,187,187,188
Time:,1.3070764541625977,3.752920389175415,3.55395770072937,3.738497018814087,Traffic:,216,216,216,216
Time:,1.3561556339263916,3.821350574493408,3.6230287551879883,3.8066301345825195,Traffic:,225,225,225,225
Time:,1.401343584060669,3.9206995964050293,3.7167856693267822,3.9011242389678955,Traffic:,158,158,158,158
Time:,1.4277844429016113,3.9889087677001953,3.7799277305603027,3.9711639881134033,Traffic:,115,115,115,115
Time:,1.4767255783081055,4.099269866943359,3.886213779449463,4.079598903656006,Traffic:,154,154,154,154


Time:,0.0014181137084960938,0.0013208389282226562,0.0011699199676513672,0.0012521743774414062,Traffic:,11,11,11,11
Time:,0.009000062942504883,0.010553121566772461,0.009171009063720703,0.009752273559570312,Traffic:,47,47,47,47
Time:,0.07190489768981934,0.061096906661987305,0.05766797065734863,0.06026625633239746,Traffic:,63,61,62,61
Time:,0.10702681541442871,0.12347793579101562,0.11653518676757812,0.11797904968261719,Traffic:,120,101,101,101
Time:,0.1324748992919922,0.1621387004852295,0.1569232940673828,0.15975594520568848,Traffic:,94,94,94,94
Time:,0.1522369384765625,0.19482159614562988,0.19020628929138184,0.19318509101867676,Traffic:,75,75,75,75
Time:,0.19234371185302734,0.28768348693847656,0.2798004150390625,0.28533220291137695,Traffic:,130,130,130,130
Time:,0.32445573806762695,0.7623777389526367,0.7965402603149414,0.6961300373077393,Traffic:,397,382,382,382
Time:,0.773263692855835,2.551130771636963,2.3298473358154297,2.454497814178467,Traffic:,653,589,589,592
Time:,0.7932064533233643,2.593709707260132,2.3710343837738037,2.5048446655273438,Traffic:,69,69,69,69
Time:,1.3633184432983398,3.6861166954040527,3.3831515312194824,3.6160457134246826,Traffic:,334,192,192,194
Time:,1.450824499130249,3.7798478603363037,3.4948205947875977,3.7137768268585205,Traffic:,212,212,212,212
Time:,1.49782133102417,3.838050603866577,3.548807382583618,3.76954984664917,Traffic:,211,211,211,211
Time:,1.5412485599517822,3.929436683654785,3.6397461891174316,3.8581676483154297,Traffic:,190,171,171,171
Time:,1.5659704208374023,3.9962046146392822,3.6975722312927246,3.924882411956787,Traffic:,107,100,100,100
Time:,1.6160924434661865,4.101011514663696,3.7951924800872803,4.0279765129089355,Traffic:,179,158,158,158


Time:,0.0012078285217285156,0.0012500286102294922,0.0013430118560791016,0.0012919902801513672,Traffic:,10,10,10,10
Time:,0.008380889892578125,0.008283853530883789,0.008575916290283203,0.008466958999633789,Traffic:,31,31,31,31
Time:,0.07042384147644043,0.054779767990112305,0.05447697639465332,0.055738210678100586,Traffic:,69,62,62,62
Time:,0.10234379768371582,0.10015463829040527,0.09940385818481445,0.10137820243835449,Traffic:,138,97,97,97
Time:,0.12613463401794434,0.1387476921081543,0.1417548656463623,0.14759230613708496,Traffic:,92,92,92,92
Time:,0.1463775634765625,0.17113471031188965,0.17203688621520996,0.17932629585266113,Traffic:,56,56,56,56
Time:,0.18636655807495117,0.2587108612060547,0.24439096450805664,0.2628180980682373,Traffic:,111,111,111,111
Time:,0.3166537284851074,0.6477468013763428,0.6098849773406982,0.6236000061035156,Traffic:,419,388,388,388
Time:,0.6470715999603271,2.1498067378997803,2.018573045730591,2.1148760318756104,Traffic:,673,618,618,618
Time:,0.6663968563079834,2.1905887126922607,2.058642864227295,2.1558220386505127,Traffic:,71,69,69,69
Time:,1.156130075454712,3.046090841293335,2.8817996978759766,3.0026683807373047,Traffic:,330,176,176,179
Time:,1.2452912330627441,3.1451919078826904,2.9815196990966797,3.0993313789367676,Traffic:,213,213,213,213
Time:,1.2949390411376953,3.20583176612854,3.039879322052002,3.1580371856689453,Traffic:,214,210,210,210
Time:,1.335716962814331,3.2957568168640137,3.134235143661499,3.2515342235565186,Traffic:,189,167,167,167
Time:,1.36067795753479,3.3453798294067383,3.1933882236480713,3.3051884174346924,Traffic:,104,99,99,99
Time:,1.4075870513916016,3.449826955795288,3.2810230255126953,3.397521495819092,Traffic:,217,186,186,186


Time:,0.001355886459350586,0.001461029052734375,0.0013718605041503906,0.0015659332275390625,Traffic:,4,4,4,4
Time:,0.009027719497680664,0.00868988037109375,0.008710861206054688,0.008962869644165039,Traffic:,37,37,37,37
Time:,0.07038164138793945,0.05704498291015625,0.055188655853271484,0.053914785385131836,Traffic:,78,68,68,68
Time:,0.1022956371307373,0.11830592155456543,0.11728978157043457,0.11202287673950195,Traffic:,110,100,100,100
Time:,0.12627577781677246,0.17617392539978027,0.18224287033081055,0.17634367942810059,Traffic:,116,116,116,116
Time:,0.14732861518859863,0.20818400382995605,0.21362090110778809,0.21129989624023438,Traffic:,60,60,60,60
Time:,0.19327664375305176,0.3067152500152588,0.302631139755249,0.30904054641723633,Traffic:,133,129,129,129
Time:,0.3504207134246826,0.6965005397796631,0.6856563091278076,0.7188394069671631,Traffic:,370,361,362,362
Time:,0.7884244918823242,2.2623324394226074,2.5650131702423096,2.4594922065734863,Traffic:,750,667,668,667
Time:,0.8116414546966553,2.3031094074249268,2.6000399589538574,2.4948832988739014,Traffic:,76,75,75,75
Time:,1.309645652770996,3.36106538772583,3.561493158340454,3.5464560985565186,Traffic:,351,198,198,199
Time:,1.394993782043457,3.45229434967041,3.6896932125091553,3.669461250305176,Traffic:,199,199,199,199
Time:,1.446347713470459,3.5117533206939697,3.748415231704712,3.7290143966674805,Traffic:,246,246,246,246
Time:,1.4894907474517822,3.6008832454681396,3.8427751064300537,3.819439172744751,Traffic:,168,168,168,168
Time:,1.515791654586792,3.647069215774536,3.8872451782226562,3.864934206008911,Traffic:,90,86,86,86
Time:,1.5608627796173096,3.7252981662750244,3.962554931640625,3.945679187774658,Traffic:,184,149,149,149


Time:,0.0014598369598388672,0.0014770030975341797,0.0016551017761230469,0.0012979507446289062,Traffic:,18,18,18,18
Time:,0.008969783782958984,0.008471965789794922,0.008875131607055664,0.008644819259643555,Traffic:,39,39,39,39
Time:,0.06848955154418945,0.05372905731201172,0.05302023887634277,0.052919864654541016,Traffic:,61,59,59,59
Time:,0.1009063720703125,0.09910130500793457,0.0953981876373291,0.1002037525177002,Traffic:,146,90,90,91
Time:,0.12516140937805176,0.14616727828979492,0.1412642002105713,0.14609766006469727,Traffic:,116,116,116,116
Time:,0.14448952674865723,0.1772594451904297,0.17182111740112305,0.17669963836669922,Traffic:,53,53,53,53
Time:,0.18132567405700684,0.2567272186279297,0.24648094177246094,0.2546968460083008,Traffic:,136,136,136,136
Time:,0.3070557117462158,0.6459150314331055,0.6070139408111572,0.6463465690612793,Traffic:,441,394,394,394
Time:,0.7302007675170898,2.174997091293335,2.062988042831421,2.2684195041656494,Traffic:,635,563,563,564
Time:,0.7501070499420166,2.218254327774048,2.1048200130462646,2.3122475147247314,Traffic:,88,88,88,88
Time:,1.233186960220337,3.3357772827148438,3.2101891040802,3.50899338722229,Traffic:,300,206,207,206
Time:,1.320559024810791,3.4381914138793945,3.3104331493377686,3.6114423274993896,Traffic:,202,202,202,202
Time:,1.3694617748260498,3.500450372695923,3.36666202545166,3.6791293621063232,Traffic:,217,217,217,217
Time:,1.424778699874878,3.616591215133667,3.4815189838409424,3.7783403396606445,Traffic:,191,191,191,191
Time:,1.4568305015563965,3.7026474475860596,3.5424280166625977,3.856011390686035,Traffic:,97,97,97,97
Time:,1.5198984146118164,3.8264565467834473,3.6563620567321777,3.9693124294281006,Traffic:,175,167,167,167


Time:,0.0015981197357177734,0.0014519691467285156,0.002106189727783203,0.0013098716735839844,Traffic:,11,11,11,11
Time:,0.010324716567993164,0.009225845336914062,0.011108160018920898,0.01191401481628418,Traffic:,33,33,33,33
Time:,0.08451175689697266,0.059744834899902344,0.05742001533508301,0.05786705017089844,Traffic:,59,42,42,42
Time:,0.11732673645019531,0.10811257362365723,0.10638713836669922,0.1107630729675293,Traffic:,115,89,89,89
Time:,0.14406991004943848,0.15701770782470703,0.1569821834564209,0.16598820686340332,Traffic:,94,94,94,94
Time:,0.17491579055786133,0.1965188980102539,0.1963942050933838,0.20595026016235352,Traffic:,90,90,90,90
Time:,0.21926379203796387,0.30164003372192383,0.2895162105560303,0.3013453483581543,Traffic:,142,133,133,133
Time:,0.3654508590698242,0.7636570930480957,0.7042262554168701,0.6828193664550781,Traffic:,407,396,396,396
Time:,0.7156777381896973,2.402677059173584,2.221630096435547,2.3169374465942383,Traffic:,594,570,571,570
Time:,0.7372210025787354,2.453911304473877,2.268686056137085,2.368823289871216,Traffic:,83,83,83,83
Time:,1.2552151679992676,3.671847105026245,3.476033926010132,3.5789742469787598,Traffic:,372,225,227,226
Time:,1.348722219467163,3.7739617824554443,3.5753989219665527,3.6777431964874268,Traffic:,180,180,180,180
Time:,1.397637128829956,3.838390827178955,3.638833999633789,3.7396481037139893,Traffic:,217,213,213,213
Time:,1.4401919841766357,3.932858943939209,3.733609199523926,3.8353400230407715,Traffic:,181,173,173,173
Time:,1.4665017127990723,3.98635196685791,3.7801830768585205,3.8912529945373535,Traffic:,91,86,86,86
Time:,1.515209674835205,4.075235843658447,3.8608479499816895,3.976227045059204,Traffic:,216,162,162,162


Time:,0.0016148090362548828,0.0012660026550292969,0.0012700557708740234,0.0011796951293945312,Traffic:,9,9,9,9
Time:,0.009125709533691406,0.00936126708984375,0.009469985961914062,0.009348630905151367,Traffic:,53,53,53,53
Time:,0.06883573532104492,0.05754828453063965,0.05777907371520996,0.05662369728088379,Traffic:,70,62,62,62
Time:,0.10146570205688477,0.10641741752624512,0.10605716705322266,0.10616850852966309,Traffic:,129,91,91,91
Time:,0.12729549407958984,0.1571485996246338,0.15421414375305176,0.15683937072753906,Traffic:,113,113,113,113
Time:,0.1471879482269287,0.19472932815551758,0.1869809627532959,0.19338035583496094,Traffic:,77,77,77,77
Time:,0.18817877769470215,0.29001355171203613,0.2792689800262451,0.288602352142334,Traffic:,151,142,142,142
Time:,0.3240046501159668,0.6723465919494629,0.6628079414367676,0.674668550491333,Traffic:,436,409,409,409
Time:,0.6712596416473389,2.2854926586151123,2.1937379837036133,2.3137285709381104,Traffic:,688,596,596,596
Time:,0.6919248104095459,2.3325414657592773,2.2378690242767334,2.3606455326080322,Traffic:,89,84,84,84
Time:,1.2195377349853516,3.3058204650878906,3.154041051864624,3.357128143310547,Traffic:,321,185,185,185
Time:,1.3134958744049072,3.410182237625122,3.255563974380493,3.4591710567474365,Traffic:,187,187,187,187
Time:,1.3634307384490967,3.4728140830993652,3.3184449672698975,3.5212647914886475,Traffic:,185,185,185,185
Time:,1.4108648300170898,3.5689220428466797,3.414170980453491,3.620952844619751,Traffic:,182,182,182,182
Time:,1.4385080337524414,3.6352691650390625,3.4747121334075928,3.687574863433838,Traffic:,102,98,98,98
Time:,1.4869768619537354,3.7478201389312744,3.5824739933013916,3.8007619380950928,Traffic:,161,161,161,161


Time:,0.0016009807586669922,0.0016109943389892578,0.002733945846557617,0.0013980865478515625,Traffic:,8,8,8,8
Time:,0.010829925537109375,0.00921177864074707,0.010149002075195312,0.009174108505249023,Traffic:,43,43,43,43
Time:,0.07712507247924805,0.06208491325378418,0.05931806564331055,0.056635141372680664,Traffic:,68,68,68,68
Time:,0.11177277565002441,0.11197209358215332,0.11033296585083008,0.10937619209289551,Traffic:,126,89,89,89
Time:,0.1380777359008789,0.16270089149475098,0.16352391242980957,0.16030216217041016,Traffic:,107,107,107,107
Time:,0.1583249568939209,0.19655394554138184,0.1962871551513672,0.19451117515563965,Traffic:,58,58,58,58
Time:,0.19980311393737793,0.28056812286376953,0.27304625511169434,0.2805960178375244,Traffic:,126,126,126,126
Time:,0.3409092426300049,0.6753461360931396,0.6827702522277832,0.675800085067749,Traffic:,395,392,392,392
Time:,0.7138340473175049,2.3484883308410645,2.2687084674835205,2.359638214111328,Traffic:,631,590,590,592
Time:,0.7352571487426758,2.3966174125671387,2.3147764205932617,2.4079041481018066,Traffic:,90,90,90,90
Time:,1.27177095413208,3.3888533115386963,3.230820417404175,3.4535462856292725,Traffic:,315,194,194,200
Time:,1.368023157119751,3.49019718170166,3.331028461456299,3.555223226547241,Traffic:,201,201,201,201
Time:,1.415757179260254,3.546560287475586,3.384991407394409,3.616338014602661,Traffic:,159,159,159,159
Time:,1.4604341983795166,3.6414072513580322,3.478785276412964,3.711393117904663,Traffic:,178,165,165,165
Time:,1.4863872528076172,3.7014565467834473,3.539546251296997,3.772930145263672,Traffic:,107,104,104,104
Time:,1.534255027770996,3.8269126415252686,3.650148391723633,3.8940553665161133,Traffic:,196,182,182,182


Time:,0.0019469261169433594,0.0015437602996826172,0.001531839370727539,0.0014138221740722656,Traffic:,16,16,16,16
Time:,0.01085805892944336,0.009928703308105469,0.009871721267700195,0.010036945343017578,Traffic:,41,41,41,41
Time:,0.07648730278015137,0.06071352958679199,0.06117868423461914,0.05946207046508789,Traffic:,73,65,65,65
Time:,0.11021542549133301,0.10251760482788086,0.10106182098388672,0.09816503524780273,Traffic:,133,85,85,85
Time:,0.13561129570007324,0.14287376403808594,0.13799571990966797,0.14304280281066895,Traffic:,101,101,101,101
Time:,0.15459728240966797,0.17760896682739258,0.1701216697692871,0.1780097484588623,Traffic:,82,82,82,82
Time:,0.1946125030517578,0.2655489444732666,0.24973773956298828,0.26604175567626953,Traffic:,140,136,136,136
Time:,0.3345925807952881,0.6509768962860107,0.6443936824798584,0.6573946475982666,Traffic:,373,363,363,363
Time:,0.7120206356048584,2.351050853729248,2.2481637001037598,2.3549516201019287,Traffic:,653,550,550,550
Time:,0.7321066856384277,2.39473295211792,2.289963722229004,2.3968114852905273,Traffic:,68,68,68,68
Time:,1.2500026226043701,3.5738439559936523,3.4084959030151367,3.5574493408203125,Traffic:,315,210,211,210
Time:,1.3452706336975098,3.6746327877044678,3.5109829902648926,3.656940460205078,Traffic:,202,202,202,202
Time:,1.3935487270355225,3.7381629943847656,3.5718390941619873,3.7198493480682373,Traffic:,205,199,199,199
Time:,1.4369935989379883,3.8303661346435547,3.6589012145996094,3.815547466278076,Traffic:,159,159,159,159
Time:,1.46394681930542,3.8775062561035156,3.704066276550293,3.8637304306030273,Traffic:,78,78,78,78
Time:,1.5117197036743164,3.9909191131591797,3.8017592430114746,3.9814343452453613,Traffic:,197,193,193,197


Time:,0.0015239715576171875,0.0016040802001953125,0.0015931129455566406,0.0014319419860839844,Traffic:,16,16,16,16
Time:,0.011136054992675781,0.009684085845947266,0.009250402450561523,0.009227991104125977,Traffic:,29,29,29,29
Time:,0.0775151252746582,0.06461524963378906,0.06040215492248535,0.057739973068237305,Traffic:,75,57,57,57
Time:,0.11191725730895996,0.11218667030334473,0.10617613792419434,0.10587882995605469,Traffic:,148,110,110,110
Time:,0.1384410858154297,0.1609058380126953,0.15631318092346191,0.15556907653808594,Traffic:,107,107,107,107
Time:,0.1582789421081543,0.19187593460083008,0.19030117988586426,0.18690109252929688,Traffic:,74,74,74,74
Time:,0.19784307479858398,0.2810831069946289,0.27838611602783203,0.2757382392883301,Traffic:,133,124,124,124
Time:,0.33492588996887207,0.6725161075592041,0.6778039932250977,0.6655604839324951,Traffic:,445,423,423,423
Time:,0.7072618007659912,2.3671112060546875,2.2487471103668213,2.3639636039733887,Traffic:,702,604,604,605
Time:,0.7292468547821045,2.413640260696411,2.295542001724243,2.4101455211639404,Traffic:,85,85,85,85
Time:,1.2489657402038574,3.683988332748413,3.559122085571289,3.6834425926208496,Traffic:,347,210,212,212
Time:,1.342113971710205,3.7856273651123047,3.6618149280548096,3.789041519165039,Traffic:,238,238,238,238
Time:,1.391982078552246,3.8497674465179443,3.721442937850952,3.8485894203186035,Traffic:,199,198,198,198
Time:,1.4349830150604248,3.943124532699585,3.8150038719177246,3.945366382598877,Traffic:,178,165,165,165
Time:,1.4616620540618896,4.003255605697632,3.8668506145477295,4.003128528594971,Traffic:,94,88,88,88
Time:,1.5105321407318115,4.125096559524536,3.983203649520874,4.128156423568726,Traffic:,163,163,163,163


Time:,0.0015921592712402344,0.0015747547149658203,0.0015978813171386719,0.0013110637664794922,Traffic:,8,8,8,8
Time:,0.00985097885131836,0.011022806167602539,0.009213924407958984,0.009042978286743164,Traffic:,41,41,41,41
Time:,0.0783238410949707,0.06146383285522461,0.05319380760192871,0.055110931396484375,Traffic:,70,62,63,62
Time:,0.1105189323425293,0.11619091033935547,0.10857462882995605,0.11019396781921387,Traffic:,114,88,88,88
Time:,0.13525891304016113,0.16030597686767578,0.14611458778381348,0.15466594696044922,Traffic:,84,84,84,84
Time:,0.15522313117980957,0.19220590591430664,0.178419828414917,0.18617582321166992,Traffic:,76,76,76,76
Time:,0.19700193405151367,0.28118896484375,0.26299285888671875,0.2898688316345215,Traffic:,129,128,129,128
Time:,0.357166051864624,0.6847808361053467,0.6898066997528076,0.6728777885437012,Traffic:,421,395,395,397
Time:,0.7530200481414795,2.440110921859741,2.403721809387207,2.419473886489868,Traffic:,700,647,647,647
Time:,0.7725129127502441,2.4856438636779785,2.4389448165893555,2.4540607929229736,Traffic:,76,76,76,76
Time:,1.3738317489624023,3.5753366947174072,3.4863736629486084,3.617931604385376,Traffic:,331,187,188,188
Time:,1.4954946041107178,3.683804750442505,3.5842626094818115,3.7151947021484375,Traffic:,213,213,213,213
Time:,1.5516507625579834,3.738816738128662,3.6379239559173584,3.781226634979248,Traffic:,201,193,193,193
Time:,1.5977556705474854,3.83860182762146,3.736982822418213,3.8868768215179443,Traffic:,209,207,207,207
Time:,1.6272287368774414,3.917080879211426,3.8090405464172363,3.95515775680542,Traffic:,122,121,121,121
Time:,1.6733958721160889,4.033453702926636,3.917994737625122,4.072307586669922,Traffic:,177,177,177,177


Time:,0.0018842220306396484,0.0014619827270507812,0.0021638870239257812,0.00167083740234375,Traffic:,10,10,10,10
Time:,0.012470245361328125,0.011730194091796875,0.01333475112915039,0.014354944229125977,Traffic:,32,32,32,32
Time:,0.04789328575134277,0.057891130447387695,0.058632850646972656,0.06588482856750488,Traffic:,79,68,69,68
Time:,0.0834815502166748,0.10506200790405273,0.10805201530456543,0.11903500556945801,Traffic:,108,67,67,67
Time:,0.11170458793640137,0.15400910377502441,0.15157294273376465,0.1667802333831787,Traffic:,104,104,104,104
Time:,0.13358259201049805,0.18776917457580566,0.1839280128479004,0.19943523406982422,Traffic:,57,57,57,57
Time:,0.1709277629852295,0.2653040885925293,0.2588768005371094,0.29662513732910156,Traffic:,112,112,112,112
Time:,0.31549668312072754,0.6397249698638916,0.6338717937469482,0.6523981094360352,Traffic:,441,394,394,394
Time:,0.7585587501525879,2.2493040561676025,2.0732409954071045,2.1876401901245117,Traffic:,641,588,588,588
Time:,0.7788937091827393,2.2796742916107178,2.105380058288574,2.2220113277435303,Traffic:,52,52,52,52
Time:,1.2654287815093994,3.420933246612549,3.2588388919830322,3.4926342964172363,Traffic:,350,206,206,207
Time:,1.3663537502288818,3.5271382331848145,3.3741421699523926,3.6000592708587646,Traffic:,210,210,210,210
Time:,1.4153366088867188,3.5914483070373535,3.4360690116882324,3.663391351699829,Traffic:,198,198,198,198
Time:,1.462033748626709,3.6942124366760254,3.539793014526367,3.765415668487549,Traffic:,177,177,177,177
Time:,1.4907338619232178,3.7539656162261963,3.590855598449707,3.8231468200683594,Traffic:,78,78,78,78
Time:,1.541794776916504,3.8438427448272705,3.6764445304870605,3.9143238067626953,Traffic:,184,161,161,161


Time:,0.0019099712371826172,0.0015339851379394531,0.0014111995697021484,0.0014383792877197266,Traffic:,17,17,17,17
Time:,0.011277914047241211,0.010856866836547852,0.009349346160888672,0.009780406951904297,Traffic:,41,41,41,41
Time:,0.044660091400146484,0.05826306343078613,0.05409431457519531,0.05916643142700195,Traffic:,71,59,59,59
Time:,0.0754091739654541,0.10805225372314453,0.10328841209411621,0.11275362968444824,Traffic:,136,102,102,102
Time:,0.10363912582397461,0.15237736701965332,0.151442289352417,0.16350197792053223,Traffic:,89,89,89,89
Time:,0.12402606010437012,0.19244861602783203,0.18703007698059082,0.20398497581481934,Traffic:,61,61,61,61
Time:,0.16541314125061035,0.2799863815307617,0.26595520973205566,0.28102993965148926,Traffic:,126,120,120,120
Time:,0.2938113212585449,0.7257091999053955,0.6890382766723633,0.6659159660339355,Traffic:,403,369,369,369
Time:,0.6225483417510986,2.4439761638641357,2.3705034255981445,2.3833582401275635,Traffic:,708,605,605,605
Time:,0.6425330638885498,2.475849151611328,2.4033875465393066,2.425086259841919,Traffic:,55,49,49,49
Time:,1.2083749771118164,3.5541529655456543,3.4153194427490234,3.626415252685547,Traffic:,333,180,180,180
Time:,1.3077187538146973,3.6494300365448,3.517549514770508,3.7255592346191406,Traffic:,188,188,188,188
Time:,1.352632761001587,3.708346128463745,3.5763535499572754,3.7835211753845215,Traffic:,226,226,226,226
Time:,1.3973169326782227,3.79692006111145,3.6644115447998047,3.87211537361145,Traffic:,178,178,178,178
Time:,1.422271728515625,3.8571112155914307,3.718064546585083,3.934584140777588,Traffic:,105,105,105,105
Time:,1.4686989784240723,3.9508304595947266,3.806386709213257,4.0315101146698,Traffic:,173,162,162,162


Time:,0.001547098159790039,0.001603841781616211,0.002023935317993164,0.0015988349914550781,Traffic:,6,6,6,6
Time:,0.010651111602783203,0.01024174690246582,0.010136842727661133,0.01189279556274414,Traffic:,44,44,44,44
Time:,0.0395660400390625,0.059567928314208984,0.05775284767150879,0.05690574645996094,Traffic:,82,57,57,57
Time:,0.06998014450073242,0.09844684600830078,0.09523153305053711,0.09918570518493652,Traffic:,135,86,87,86
Time:,0.09405303001403809,0.1412646770477295,0.15668368339538574,0.1473398208618164,Traffic:,110,110,110,110
Time:,0.11336207389831543,0.1913917064666748,0.19629192352294922,0.20081162452697754,Traffic:,69,69,69,69
Time:,0.1547379493713379,0.2877159118652344,0.30008387565612793,0.3180084228515625,Traffic:,120,120,120,120
Time:,0.344012975692749,0.7104878425598145,0.7333776950836182,0.749274492263794,Traffic:,391,361,361,361
Time:,0.6969430446624756,2.466662883758545,2.5413758754730225,2.517625331878662,Traffic:,646,594,595,601
Time:,0.7191998958587646,2.508112907409668,2.580415725708008,2.557931661605835,Traffic:,65,61,61,61
Time:,1.2324552536010742,3.544569969177246,3.5415327548980713,3.6141116619110107,Traffic:,366,187,187,187
Time:,1.324707269668579,3.641939163208008,3.63893985748291,3.7110838890075684,Traffic:,199,199,199,199
Time:,1.372129201889038,3.7035741806030273,3.700408935546875,3.770718812942505,Traffic:,233,233,233,233
Time:,1.419316053390503,3.7877070903778076,3.781670093536377,3.860320806503296,Traffic:,159,159,159,159
Time:,1.4459772109985352,3.839024066925049,3.832632064819336,3.9165868759155273,Traffic:,88,87,87,87
Time:,1.4916791915893555,3.9537079334259033,3.9481799602508545,4.025254964828491,Traffic:,176,173,173,173


Time:,0.0016100406646728516,0.0015587806701660156,0.0014421939849853516,0.001470804214477539,Traffic:,8,8,8,8
Time:,0.009643077850341797,0.008803844451904297,0.008828163146972656,0.009562969207763672,Traffic:,32,32,32,32
Time:,0.03759407997131348,0.05286574363708496,0.05640411376953125,0.05420660972595215,Traffic:,51,44,44,44
Time:,0.0674741268157959,0.08914589881896973,0.0896451473236084,0.09285950660705566,Traffic:,128,72,72,72
Time:,0.10045123100280762,0.141096830368042,0.13600587844848633,0.14149737358093262,Traffic:,104,104,104,104
Time:,0.12098932266235352,0.17671871185302734,0.16712713241577148,0.17529654502868652,Traffic:,79,79,79,79
Time:,0.15816116333007812,0.2623138427734375,0.26539111137390137,0.26128077507019043,Traffic:,133,124,124,124
Time:,0.2920553684234619,0.6674656867980957,0.6757173538208008,0.6663248538970947,Traffic:,440,405,405,405
Time:,0.6242601871490479,2.4274957180023193,2.87140154838562,2.730571985244751,Traffic:,696,607,608,607
Time:,0.6496622562408447,2.4809577465057373,2.923767328262329,2.78102707862854,Traffic:,92,88,88,88
Time:,1.263019323348999,3.506537675857544,3.824080228805542,3.7376701831817627,Traffic:,312,183,183,187
Time:,1.3558104038238525,3.6085948944091797,3.9289169311523438,3.844405174255371,Traffic:,207,207,207,207
Time:,1.4062402248382568,3.6747195720672607,3.991227865219116,3.9100000858306885,Traffic:,223,223,223,223
Time:,1.4529151916503906,3.7682385444641113,4.072045564651489,4.002932786941528,Traffic:,157,157,157,157
Time:,1.4787671566009521,3.8267018795013428,4.124125719070435,4.063689947128296,Traffic:,100,96,96,96
Time:,1.5294651985168457,3.932705879211426,4.222357749938965,4.168280839920044,Traffic:,196,176,176,176


Time:,0.0026633739471435547,0.001239776611328125,0.0011861324310302734,0.0019741058349609375,Traffic:,18,18,18,18
Time:,0.00971221923828125,0.008244514465332031,0.00850224494934082,0.009294271469116211,Traffic:,33,33,33,33
Time:,0.07818222045898438,0.05350613594055176,0.05364537239074707,0.05822443962097168,Traffic:,81,64,64,64
Time:,0.11258935928344727,0.1141512393951416,0.11414742469787598,0.11898350715637207,Traffic:,117,116,117,116
Time:,0.1383674144744873,0.16415929794311523,0.16406750679016113,0.17009639739990234,Traffic:,117,117,117,117
Time:,0.1582474708557129,0.19604849815368652,0.19843840599060059,0.20392155647277832,Traffic:,68,68,68,68
Time:,0.1979053020477295,0.28963422775268555,0.29421234130859375,0.2992594242095947,Traffic:,132,127,127,127
Time:,0.3331153392791748,0.6802389621734619,0.683638334274292,0.6870682239532471,Traffic:,414,376,376,376
Time:,0.6878831386566162,2.2956738471984863,2.187317132949829,2.336677312850952,Traffic:,666,571,571,575
Time:,0.7100412845611572,2.3368310928344727,2.230483055114746,2.381237506866455,Traffic:,86,84,84,84
Time:,1.2332344055175781,3.3203318119049072,3.1757500171661377,3.3703155517578125,Traffic:,307,181,181,183
Time:,1.3313145637512207,3.4211628437042236,3.2825570106506348,3.4783523082733154,Traffic:,190,190,190,190
Time:,1.3802714347839355,3.4799349308013916,3.3371529579162598,3.536973237991333,Traffic:,208,208,208,208
Time:,1.422593355178833,3.569333791732788,3.4246063232421875,3.6723272800445557,Traffic:,170,170,170,170
Time:,1.4542694091796875,3.6263508796691895,3.4712932109832764,3.723764419555664,Traffic:,109,109,109,109
Time:,1.501873254776001,3.737316846847534,3.5684664249420166,3.8293514251708984,Traffic:,182,175,175,175


Time:,0.0014519691467285156,0.0013802051544189453,0.0011317729949951172,0.0011391639709472656,Traffic:,12,12,12,12
Time:,0.009472846984863281,0.010338068008422852,0.008286714553833008,0.008572101593017578,Traffic:,49,49,49,49
Time:,0.0757148265838623,0.05802512168884277,0.057207584381103516,0.05872082710266113,Traffic:,71,68,68,68
Time:,0.11284971237182617,0.11688685417175293,0.11805963516235352,0.11913895606994629,Traffic:,123,97,97,97
Time:,0.13862872123718262,0.16442084312438965,0.16465067863464355,0.1650221347808838,Traffic:,78,78,78,78
Time:,0.1587207317352295,0.19589996337890625,0.19743132591247559,0.1980440616607666,Traffic:,61,61,61,61
Time:,0.20027446746826172,0.28706789016723633,0.2860293388366699,0.2916111946105957,Traffic:,139,132,132,132
Time:,0.336681604385376,0.6735169887542725,0.6798985004425049,0.7385051250457764,Traffic:,433,395,395,395
Time:,0.7232558727264404,2.3971688747406006,2.273568630218506,2.3887224197387695,Traffic:,606,564,564,564
Time:,0.7448418140411377,2.4351108074188232,2.309293508529663,2.4248812198638916,Traffic:,72,72,72,72
Time:,1.3295304775238037,3.66410493850708,3.5343616008758545,3.6700520515441895,Traffic:,349,217,218,217
Time:,1.427537202835083,3.765768051147461,3.628178834915161,3.7661731243133545,Traffic:,148,148,148,148
Time:,1.4758000373840332,3.827406167984009,3.691542625427246,3.828195095062256,Traffic:,220,220,220,220
Time:,1.5188109874725342,3.920659303665161,3.780094623565674,3.919919967651367,Traffic:,174,174,174,174
Time:,1.5463018417358398,3.995596170425415,3.8497095108032227,3.9958088397979736,Traffic:,113,113,113,113
Time:,1.5967116355895996,4.104544162750244,3.953845500946045,4.114017963409424,Traffic:,188,186,186,186


Time:,0.001399993896484375,0.0012311935424804688,0.0012722015380859375,0.001220703125,Traffic:,6,6,6,6
Time:,0.008331060409545898,0.008309364318847656,0.008610248565673828,0.008766889572143555,Traffic:,46,46,46,46
Time:,0.07200479507446289,0.05313611030578613,0.05495142936706543,0.0561518669128418,Traffic:,85,71,71,75
Time:,0.10484981536865234,0.10251474380493164,0.10254955291748047,0.10490155220031738,Traffic:,117,91,91,91
Time:,0.13000774383544922,0.14148497581481934,0.14117765426635742,0.14478754997253418,Traffic:,78,78,78,78
Time:,0.15001773834228516,0.1746361255645752,0.17237567901611328,0.1764822006225586,Traffic:,60,60,60,60
Time:,0.18938064575195312,0.2593348026275635,0.2513086795806885,0.2611052989959717,Traffic:,135,131,131,131
Time:,0.32573556900024414,0.6392197608947754,0.628929615020752,0.6461331844329834,Traffic:,409,371,371,371
Time:,0.6672916412353516,2.371445894241333,2.371410846710205,2.4267091751098633,Traffic:,688,615,615,618
Time:,0.6894454956054688,2.4182169437408447,2.4158437252044678,2.4728341102600098,Traffic:,78,78,78,78
Time:,1.224029541015625,3.6129679679870605,3.5631697177886963,3.734210968017578,Traffic:,323,195,197,196
Time:,1.3244996070861816,3.7336559295654297,3.67465877532959,3.8460659980773926,Traffic:,188,188,188,188
Time:,1.3772697448730469,3.803913116455078,3.7430856227874756,3.9100871086120605,Traffic:,202,193,193,193
Time:,1.4181597232818604,3.8954360485076904,3.8332276344299316,4.007276296615601,Traffic:,153,145,145,145
Time:,1.4450266361236572,3.9528348445892334,3.8866398334503174,4.058836221694946,Traffic:,96,90,90,90
Time:,1.490593671798706,4.0709075927734375,3.9963767528533936,4.1765899658203125,Traffic:,174,174,174,174


Time:,0.0016188621520996094,0.001558065414428711,0.001458883285522461,0.0013539791107177734,Traffic:,19,19,19,19
Time:,0.009218692779541016,0.008658885955810547,0.008485078811645508,0.008730888366699219,Traffic:,44,44,44,44
Time:,0.07291269302368164,0.05560183525085449,0.05019330978393555,0.05462980270385742,Traffic:,62,49,49,49
Time:,0.10565662384033203,0.1000516414642334,0.09403109550476074,0.09906888008117676,Traffic:,122,93,93,93
Time:,0.12990164756774902,0.14624452590942383,0.14211821556091309,0.14595389366149902,Traffic:,101,101,101,101
Time:,0.1487269401550293,0.17394757270812988,0.1684713363647461,0.17473459243774414,Traffic:,70,70,70,70
Time:,0.1854248046875,0.26111555099487305,0.26151514053344727,0.27060365676879883,Traffic:,153,153,153,153
Time:,0.3250138759613037,0.6179616451263428,0.6375391483306885,0.6348166465759277,Traffic:,405,376,377,376
Time:,0.6498916149139404,2.191737651824951,2.1378490924835205,2.1819686889648438,Traffic:,705,626,626,626
Time:,0.6692636013031006,2.233426809310913,2.179044008255005,2.2231595516204834,Traffic:,88,88,88,88
Time:,1.1804065704345703,3.593733787536621,3.366927146911621,3.4961321353912354,Traffic:,347,208,211,208
Time:,1.2732534408569336,3.6904635429382324,3.4683797359466553,3.5920212268829346,Traffic:,197,197,197,197
Time:,1.322404384613037,3.7533226013183594,3.5274758338928223,3.655898332595825,Traffic:,201,201,201,201
Time:,1.3671455383300781,3.8489737510681152,3.62188982963562,3.749333620071411,Traffic:,193,193,193,193
Time:,1.3925776481628418,3.916142702102661,3.6773338317871094,3.8157176971435547,Traffic:,111,110,110,110
Time:,1.4407627582550049,4.013250827789307,3.7660539150238037,3.912665843963623,Traffic:,172,156,156,156


Time:,0.001277923583984375,0.0012159347534179688,0.0013477802276611328,0.0011708736419677734,Traffic:,9,9,9,9
Time:,0.009241104125976562,0.009152889251708984,0.008752822875976562,0.008847951889038086,Traffic:,56,56,56,56
Time:,0.06871914863586426,0.05878090858459473,0.05709481239318848,0.0599818229675293,Traffic:,74,64,64,64
Time:,0.10320234298706055,0.10254192352294922,0.09865570068359375,0.10562467575073242,Traffic:,160,100,100,100
Time:,0.12950825691223145,0.15299272537231445,0.14703583717346191,0.15556764602661133,Traffic:,93,93,93,93
Time:,0.14919424057006836,0.18549370765686035,0.1772608757019043,0.18761849403381348,Traffic:,72,72,72,72
Time:,0.18877220153808594,0.2777538299560547,0.26717472076416016,0.28172850608825684,Traffic:,138,135,135,135
Time:,0.32153820991516113,0.6642308235168457,0.6498517990112305,0.662731409072876,Traffic:,483,438,438,438
Time:,0.708193302154541,2.6504127979278564,2.4112918376922607,2.2671492099761963,Traffic:,712,604,605,608
Time:,0.7272233963012695,2.701092481613159,2.4552717208862305,2.3104352951049805,Traffic:,89,89,89,89
Time:,1.2204692363739014,3.8540103435516357,3.515899658203125,3.542539358139038,Traffic:,350,226,226,226
Time:,1.314610242843628,3.962576150894165,3.6181068420410156,3.6359453201293945,Traffic:,178,178,178,178
Time:,1.359114408493042,4.020453214645386,3.677354574203491,3.695080280303955,Traffic:,208,208,208,208
Time:,1.39894437789917,4.105619192123413,3.756087303161621,3.787126064300537,Traffic:,166,142,142,142
Time:,1.4245312213897705,4.160680055618286,3.812803268432617,3.841042995452881,Traffic:,95,95,95,95
Time:,1.4690711498260498,4.26068115234375,3.9084112644195557,3.9351680278778076,Traffic:,188,188,188,188


Time:,0.0014200210571289062,0.001402139663696289,0.001344919204711914,0.0012652873992919922,Traffic:,11,11,11,11
Time:,0.008621931076049805,0.008840084075927734,0.009229898452758789,0.008759260177612305,Traffic:,46,46,46,46
Time:,0.07179594039916992,0.05611014366149902,0.06157970428466797,0.06070423126220703,Traffic:,80,68,68,68
Time:,0.10284304618835449,0.10206413269042969,0.10600066184997559,0.11443734169006348,Traffic:,100,88,88,88
Time:,0.12636780738830566,0.1518869400024414,0.15258169174194336,0.1598491668701172,Traffic:,79,79,79,79
Time:,0.14732766151428223,0.1849679946899414,0.1900796890258789,0.19289636611938477,Traffic:,66,66,66,66
Time:,0.18512749671936035,0.27518796920776367,0.27065300941467285,0.2796914577484131,Traffic:,137,129,129,129
Time:,0.314617395401001,0.6245367527008057,0.6248800754547119,0.6321477890014648,Traffic:,404,368,368,368
Time:,0.6568973064422607,2.3763606548309326,2.041123151779175,2.224475622177124,Traffic:,649,595,595,597
Time:,0.6766891479492188,2.417867422103882,2.077604055404663,2.265106678009033,Traffic:,82,82,82,82
Time:,1.2075531482696533,3.4826066493988037,3.0994632244110107,3.3160417079925537,Traffic:,361,205,205,205
Time:,1.2910423278808594,3.5741608142852783,3.203120231628418,3.409393548965454,Traffic:,193,193,193,193
Time:,1.3366925716400146,3.6331191062927246,3.2545900344848633,3.4672117233276367,Traffic:,194,193,193,193
Time:,1.3769645690917969,3.719810962677002,3.3412210941314697,3.5532824993133545,Traffic:,152,151,152,151
Time:,1.4006435871124268,3.777596950531006,3.3935670852661133,3.61177659034729,Traffic:,87,86,86,86
Time:,1.4444425106048584,3.87613582611084,3.483353853225708,3.709338665008545,Traffic:,192,192,192,192


Time:,0.001355886459350586,0.0013499259948730469,0.0012619495391845703,0.0012221336364746094,Traffic:,18,18,18,18
Time:,0.00830388069152832,0.008471012115478516,0.00832223892211914,0.008253097534179688,Traffic:,46,46,46,46
Time:,0.06483793258666992,0.047815799713134766,0.04593324661254883,0.0502171516418457,Traffic:,55,47,47,47
Time:,0.0941779613494873,0.09809684753417969,0.09476637840270996,0.10052728652954102,Traffic:,122,101,101,101
Time:,0.11865520477294922,0.14350104331970215,0.1398484706878662,0.14574217796325684,Traffic:,110,110,110,110
Time:,0.1365342140197754,0.17302179336547852,0.1699984073638916,0.1766982078552246,Traffic:,84,84,84,84
Time:,0.17266201972961426,0.24981188774108887,0.24315929412841797,0.2544534206390381,Traffic:,123,123,123,123
Time:,0.2993459701538086,0.6059176921844482,0.6078851222991943,0.6061444282531738,Traffic:,434,377,377,377
Time:,0.6138997077941895,2.3364596366882324,2.2670211791992188,2.230361223220825,Traffic:,736,656,657,656
Time:,0.6352927684783936,2.3794896602630615,2.304107427597046,2.272221088409424,Traffic:,79,73,73,73
Time:,1.1269874572753906,3.347158670425415,3.2672805786132812,3.228877067565918,Traffic:,320,185,185,185
Time:,1.214240550994873,3.4466538429260254,3.3678536415100098,3.327233076095581,Traffic:,210,210,210,210
Time:,1.2629644870758057,3.504469871520996,3.424198627471924,3.3953981399536133,Traffic:,234,234,234,234
Time:,1.3034775257110596,3.5906710624694824,3.519639492034912,3.483448028564453,Traffic:,165,165,165,165
Time:,1.3277556896209717,3.649919271469116,3.570887327194214,3.538372039794922,Traffic:,121,119,119,119
Time:,1.376112699508667,3.752976179122925,3.6825013160705566,3.651526927947998,Traffic:,173,173,173,173


Time:,0.0015978813171386719,0.0016667842864990234,0.0013818740844726562,0.0014770030975341797,Traffic:,5,5,5,5
Time:,0.010558843612670898,0.00924372673034668,0.008456707000732422,0.008917093276977539,Traffic:,38,38,38,38
Time:,0.03839397430419922,0.05170392990112305,0.05045676231384277,0.0508420467376709,Traffic:,81,72,72,72
Time:,0.06818318367004395,0.09288692474365234,0.09086751937866211,0.0909280776977539,Traffic:,139,81,81,81
Time:,0.09290432929992676,0.13948416709899902,0.13753247261047363,0.1379837989807129,Traffic:,82,82,82,82
Time:,0.11150932312011719,0.1713869571685791,0.16759634017944336,0.16995596885681152,Traffic:,58,58,58,58
Time:,0.149766206741333,0.25675201416015625,0.252838134765625,0.25144171714782715,Traffic:,155,155,155,155
Time:,0.2869443893432617,0.6749460697174072,0.6484601497650146,0.6133098602294922,Traffic:,437,402,402,402
Time:,0.63291335105896,2.3264381885528564,2.2034664154052734,2.213541030883789,Traffic:,719,648,649,648
Time:,0.6533026695251465,2.3681349754333496,2.2404775619506836,2.2540571689605713,Traffic:,82,81,81,81
Time:,1.1718106269836426,3.2740979194641113,3.075406312942505,3.174351930618286,Traffic:,310,179,180,179
Time:,1.2644846439361572,3.368997097015381,3.1737582683563232,3.269688844680786,Traffic:,196,196,196,196
Time:,1.3140695095062256,3.4319241046905518,3.234764337539673,3.335009813308716,Traffic:,178,178,178,178
Time:,1.3570523262023926,3.5202183723449707,3.325162410736084,3.4222302436828613,Traffic:,174,174,174,174
Time:,1.3833332061767578,3.5880253314971924,3.383362293243408,3.4901680946350098,Traffic:,100,100,100,100
Time:,1.4279282093048096,3.675767421722412,3.469550132751465,3.5812411308288574,Traffic:,170,146,146,146


Time:,0.0015380382537841797,0.0015499591827392578,0.0013699531555175781,0.0013272762298583984,Traffic:,11,11,11,11
Time:,0.00887918472290039,0.00850987434387207,0.00861811637878418,0.009386539459228516,Traffic:,50,50,50,50
Time:,0.0356290340423584,0.053601980209350586,0.051743268966674805,0.05324673652648926,Traffic:,57,48,48,52
Time:,0.06572198867797852,0.10490107536315918,0.1014711856842041,0.10376262664794922,Traffic:,103,71,71,71
Time:,0.09220600128173828,0.1470320224761963,0.14351439476013184,0.14679956436157227,Traffic:,89,84,84,84
Time:,0.11065411567687988,0.17669296264648438,0.1734154224395752,0.17669153213500977,Traffic:,56,56,56,56
Time:,0.14764022827148438,0.2565608024597168,0.2530953884124756,0.25766849517822266,Traffic:,147,142,143,142
Time:,0.2736961841583252,0.60211181640625,0.5950305461883545,0.6096184253692627,Traffic:,435,415,416,422
Time:,0.601370096206665,2.1021218299865723,1.9596846103668213,2.029653310775757,Traffic:,617,536,536,539
Time:,0.6213412284851074,2.1419789791107178,1.9971625804901123,2.068019151687622,Traffic:,77,77,77,77
Time:,1.1079223155975342,3.3015551567077637,3.102994680404663,3.2045490741729736,Traffic:,322,193,194,193
Time:,1.1990153789520264,3.3977432250976562,3.200338840484619,3.309965133666992,Traffic:,192,192,192,192
Time:,1.2487785816192627,3.4598515033721924,3.261338710784912,3.369046211242676,Traffic:,234,225,225,225
Time:,1.2894926071166992,3.547220468521118,3.3498544692993164,3.4565672874450684,Traffic:,171,168,169,171
Time:,1.3139867782592773,3.6080424785614014,3.403550386428833,3.5164661407470703,Traffic:,105,104,104,104
Time:,1.3576807975769043,3.6946003437042236,3.481957197189331,3.6033682823181152,Traffic:,179,166,166,166


Time:,0.0015082359313964844,0.0014472007751464844,0.0013310909271240234,0.0012850761413574219,Traffic:,15,15,15,15
Time:,0.008760213851928711,0.008436918258666992,0.008122920989990234,0.008187294006347656,Traffic:,49,49,49,49
Time:,0.07115912437438965,0.050090789794921875,0.04700779914855957,0.05291008949279785,Traffic:,78,61,61,64
Time:,0.10267019271850586,0.09865665435791016,0.09485149383544922,0.0992133617401123,Traffic:,127,94,94,94
Time:,0.12560200691223145,0.1434156894683838,0.13601279258728027,0.1419374942779541,Traffic:,77,77,77,77
Time:,0.14409422874450684,0.17460298538208008,0.16503405570983887,0.17195558547973633,Traffic:,75,75,75,75
Time:,0.179595947265625,0.26228785514831543,0.24694108963012695,0.25907468795776367,Traffic:,128,128,128,128
Time:,0.3094320297241211,0.609487771987915,0.5947799682617188,0.6094067096710205,Traffic:,455,424,424,424
Time:,0.6300480365753174,2.0879898071289062,2.1755290031433105,2.2023699283599854,Traffic:,653,563,563,563
Time:,0.6490821838378906,2.1270155906677246,2.2126352787017822,2.2463808059692383,Traffic:,73,69,69,69
Time:,1.127073049545288,3.15677547454834,3.301736354827881,3.311213970184326,Traffic:,313,194,195,199
Time:,1.2190637588500977,3.2540152072906494,3.4009275436401367,3.4087038040161133,Traffic:,177,177,177,177
Time:,1.2695317268371582,3.319336175918579,3.461385488510132,3.471627950668335,Traffic:,212,209,209,209
Time:,1.3118915557861328,3.408572196960449,3.553682804107666,3.5576119422912598,Traffic:,194,173,173,173
Time:,1.3357844352722168,3.468322277069092,3.612489700317383,3.618896722793579,Traffic:,94,89,89,89
Time:,1.381556510925293,3.5662975311279297,3.6968295574188232,3.7085399627685547,Traffic:,184,165,165,165


Time:,0.0015988349914550781,0.0019800662994384766,0.0014340877532958984,0.0013818740844726562,Traffic:,3,3,3,3
Time:,0.008943796157836914,0.009385108947753906,0.008523225784301758,0.008899927139282227,Traffic:,49,49,49,49
Time:,0.07396674156188965,0.054421186447143555,0.050350189208984375,0.05547499656677246,Traffic:,68,65,65,67
Time:,0.1073458194732666,0.1095881462097168,0.1058952808380127,0.11153316497802734,Traffic:,147,118,118,118
Time:,0.13293957710266113,0.15581512451171875,0.154496431350708,0.15933704376220703,Traffic:,85,85,85,85
Time:,0.15256071090698242,0.189039945602417,0.18664836883544922,0.19406700134277344,Traffic:,66,66,66,66
Time:,0.19202876091003418,0.278594970703125,0.27889013290405273,0.2820150852203369,Traffic:,157,154,154,154
Time:,0.32729673385620117,0.637984037399292,0.6536121368408203,0.6662061214447021,Traffic:,418,383,383,383
Time:,0.6620047092437744,2.2351388931274414,2.3622610569000244,2.33013916015625,Traffic:,695,605,605,605
Time:,0.6832044124603271,2.280810832977295,2.4069278240203857,2.3746531009674072,Traffic:,84,84,84,84
Time:,1.1683313846588135,3.4688355922698975,3.554745674133301,3.516296148300171,Traffic:,397,215,215,215
Time:,1.2580654621124268,3.5623438358306885,3.6519227027893066,3.610128164291382,Traffic:,185,185,185,185
Time:,1.3098504543304443,3.622633934020996,3.710524797439575,3.6714160442352295,Traffic:,198,190,190,190
Time:,1.3534533977508545,3.7149999141693115,3.8025448322296143,3.7636899948120117,Traffic:,179,179,179,179
Time:,1.379429578781128,3.788527011871338,3.860201835632324,3.827936887741089,Traffic:,102,97,97,97
Time:,1.4292607307434082,3.886225938796997,3.95200514793396,3.9323298931121826,Traffic:,174,173,173,173


Time:,0.0015721321105957031,0.0014290809631347656,0.0013020038604736328,0.0012819766998291016,Traffic:,12,12,12,12
Time:,0.008803129196166992,0.008562088012695312,0.008423805236816406,0.008468866348266602,Traffic:,18,18,18,18
Time:,0.07409334182739258,0.05643415451049805,0.05330467224121094,0.05434584617614746,Traffic:,61,48,48,49
Time:,0.10608029365539551,0.10344409942626953,0.09777164459228516,0.10062074661254883,Traffic:,134,74,74,74
Time:,0.13098526000976562,0.152116060256958,0.14441871643066406,0.14556193351745605,Traffic:,86,86,86,86
Time:,0.14916634559631348,0.1824040412902832,0.17668485641479492,0.17844176292419434,Traffic:,74,74,74,74
Time:,0.18808317184448242,0.26654624938964844,0.2602839469909668,0.2734856605529785,Traffic:,160,155,155,155
Time:,0.3134269714355469,0.6500835418701172,0.6365959644317627,0.6672935485839844,Traffic:,428,409,409,410
Time:,0.6466977596282959,2.1684725284576416,2.0697929859161377,2.1915664672851562,Traffic:,674,603,604,604
Time:,0.6647567749023438,2.2154877185821533,2.1131820678710938,2.2379283905029297,Traffic:,90,90,90,90
Time:,1.1332628726959229,3.2714176177978516,3.1217799186706543,3.428948402404785,Traffic:,381,210,211,212
Time:,1.225532054901123,3.3663547039031982,3.2147367000579834,3.5208351612091064,Traffic:,213,213,213,213
Time:,1.2714850902557373,3.4251198768615723,3.2996726036071777,3.5870251655578613,Traffic:,175,173,173,173
Time:,1.3186180591583252,3.521500825881958,3.3944337368011475,3.6795003414154053,Traffic:,160,160,160,160
Time:,1.3444390296936035,3.5841360092163086,3.4492907524108887,3.7421562671661377,Traffic:,86,86,86,86
Time:,1.3879890441894531,3.698296070098877,3.5642917156219482,3.8628432750701904,Traffic:,225,214,214,214


Time:,0.0013191699981689453,0.0011577606201171875,0.0011181831359863281,0.0012178421020507812,Traffic:,6,6,6,6
Time:,0.00911712646484375,0.008151769638061523,0.00829625129699707,0.009125947952270508,Traffic:,35,35,35,35
Time:,0.06808900833129883,0.05689191818237305,0.0582432746887207,0.05997896194458008,Traffic:,84,80,80,80
Time:,0.10219097137451172,0.10331201553344727,0.10367822647094727,0.10690999031066895,Traffic:,141,97,97,97
Time:,0.1283726692199707,0.14779305458068848,0.14974403381347656,0.15354204177856445,Traffic:,92,92,92,92
Time:,0.14876079559326172,0.18078923225402832,0.18143606185913086,0.18923592567443848,Traffic:,89,89,89,89
Time:,0.18851375579833984,0.2720773220062256,0.27393221855163574,0.28205275535583496,Traffic:,141,136,136,136
Time:,0.313457727432251,0.6497385501861572,0.6450433731079102,0.6433568000793457,Traffic:,430,406,407,406
Time:,0.6521086692810059,2.0895025730133057,1.9880783557891846,2.172125816345215,Traffic:,659,585,585,585
Time:,0.6738145351409912,2.123241424560547,2.0207784175872803,2.2067806720733643,Traffic:,71,71,71,71
Time:,1.175377607345581,3.267587423324585,3.1639444828033447,3.3410098552703857,Traffic:,346,209,210,212
Time:,1.2591545581817627,3.3604471683502197,3.255284547805786,3.4335858821868896,Traffic:,161,160,160,161
Time:,1.3063256740570068,3.4173731803894043,3.308361768722534,3.4906389713287354,Traffic:,175,175,175,175
Time:,1.3458988666534424,3.5008132457733154,3.4091126918792725,3.5784661769866943,Traffic:,185,172,172,172
Time:,1.3708789348602295,3.5616872310638428,3.4622647762298584,3.6345479488372803,Traffic:,101,101,101,101
Time:,1.4146549701690674,3.679131031036377,3.5739176273345947,3.7501699924468994,Traffic:,216,216,216,216


Time:,0.0011911392211914062,0.0020558834075927734,0.0011751651763916016,0.0011551380157470703,Traffic:,5,5,5,5
Time:,0.008169174194335938,0.009095907211303711,0.008201122283935547,0.008405208587646484,Traffic:,42,42,42,42
Time:,0.06128191947937012,0.05604386329650879,0.05139017105102539,0.0532534122467041,Traffic:,61,56,56,56
Time:,0.090911865234375,0.09674906730651855,0.0880279541015625,0.09484124183654785,Traffic:,117,76,76,76
Time:,0.11640000343322754,0.13534212112426758,0.1280367374420166,0.13342833518981934,Traffic:,91,91,91,91
Time:,0.13505887985229492,0.16376399993896484,0.1564619541168213,0.16488051414489746,Traffic:,61,61,61,61
Time:,0.17160391807556152,0.24870085716247559,0.2402200698852539,0.24858617782592773,Traffic:,135,127,128,127
Time:,0.2964498996734619,0.5851387977600098,0.5759880542755127,0.6066420078277588,Traffic:,389,379,379,379
Time:,0.6545331478118896,1.9448838233947754,2.086095094680786,2.2502849102020264,Traffic:,705,564,564,569
Time:,0.6814100742340088,1.9925627708435059,2.128124237060547,2.3021838665008545,Traffic:,85,77,77,77
Time:,1.1818199157714844,3.1323916912078857,3.214235305786133,3.428058624267578,Traffic:,315,218,219,221
Time:,1.2702269554138184,3.226665735244751,3.308439254760742,3.5209829807281494,Traffic:,185,185,185,185
Time:,1.314950942993164,3.2859926223754883,3.3658924102783203,3.580490827560425,Traffic:,188,188,188,188
Time:,1.3581750392913818,3.372168779373169,3.447873592376709,3.668415069580078,Traffic:,167,145,145,145
Time:,1.3847801685333252,3.4240479469299316,3.4976806640625,3.7239089012145996,Traffic:,98,98,98,98
Time:,1.4290082454681396,3.518854856491089,3.5897247791290283,3.819971799850464,Traffic:,206,190,190,190


Time:,0.0015718936920166016,0.0016069412231445312,0.0013518333435058594,0.0013098716735839844,Traffic:,15,15,15,15
Time:,0.009080886840820312,0.008697986602783203,0.008605718612670898,0.008872032165527344,Traffic:,49,49,49,49
Time:,0.06909918785095215,0.0499119758605957,0.04979085922241211,0.05134773254394531,Traffic:,80,76,76,76
Time:,0.09924125671386719,0.09034895896911621,0.08844280242919922,0.09295773506164551,Traffic:,139,96,96,96
Time:,0.12332630157470703,0.13558173179626465,0.13404273986816406,0.13843655586242676,Traffic:,121,112,112,112
Time:,0.14178752899169922,0.16510367393493652,0.17220187187194824,0.17778849601745605,Traffic:,70,70,70,70
Time:,0.18366742134094238,0.2509286403656006,0.316530704498291,0.27652740478515625,Traffic:,144,139,139,139
Time:,0.32456135749816895,0.6937077045440674,0.6908447742462158,0.636176347732544,Traffic:,436,415,415,415
Time:,0.6423332691192627,2.509167432785034,2.421093702316284,2.412895441055298,Traffic:,690,622,623,622
Time:,0.6647500991821289,2.5568556785583496,2.4662814140319824,2.4601364135742188,Traffic:,76,76,76,76
Time:,1.3086862564086914,3.4376797676086426,3.2878031730651855,3.315687417984009,Traffic:,300,162,162,162
Time:,1.403672218322754,3.541524648666382,3.3899731636047363,3.4154324531555176,Traffic:,217,217,217,217
Time:,1.4505443572998047,3.6046175956726074,3.447628974914551,3.4740664958953857,Traffic:,212,212,212,212
Time:,1.4925484657287598,3.695753812789917,3.543205976486206,3.565138578414917,Traffic:,152,152,152,152
Time:,1.5166196823120117,3.7575559616088867,3.5985119342803955,3.625537633895874,Traffic:,100,100,100,100
Time:,1.5605907440185547,3.852543830871582,3.6838040351867676,3.714186429977417,Traffic:,196,192,192,192


Time:,0.001383066177368164,0.0014562606811523438,0.0012938976287841797,0.0012240409851074219,Traffic:,8,8,8,8
Time:,0.008473873138427734,0.008930444717407227,0.00895071029663086,0.008309125900268555,Traffic:,47,47,47,47
Time:,0.06644463539123535,0.054595232009887695,0.05596756935119629,0.05271601676940918,Traffic:,65,58,58,58
Time:,0.09759163856506348,0.11114335060119629,0.10922622680664062,0.10725021362304688,Traffic:,113,104,104,104
Time:,0.12181663513183594,0.15892839431762695,0.15367603302001953,0.15456509590148926,Traffic:,100,100,100,100
Time:,0.1408367156982422,0.18908143043518066,0.18323397636413574,0.1850440502166748,Traffic:,75,75,75,75
Time:,0.1767137050628662,0.27675747871398926,0.2673811912536621,0.27193307876586914,Traffic:,119,112,113,113
Time:,0.32203078269958496,0.6710903644561768,0.6425011157989502,0.6324479579925537,Traffic:,415,373,374,373
Time:,0.6719815731048584,2.489962339401245,2.3076369762420654,2.305820941925049,Traffic:,686,579,579,579
Time:,0.6910254955291748,2.5294735431671143,2.341942071914673,2.3441507816314697,Traffic:,74,74,74,74
Time:,1.193216323852539,3.688678503036499,3.4822349548339844,3.442856550216675,Traffic:,320,197,199,197
Time:,1.281665563583374,3.785221576690674,3.5786468982696533,3.5402607917785645,Traffic:,207,207,207,207
Time:,1.32658052444458,3.8448286056518555,3.6368508338928223,3.607689619064331,Traffic:,199,199,199,199
Time:,1.3728187084197998,3.9413135051727295,3.7276790142059326,3.7045178413391113,Traffic:,178,171,171,171
Time:,1.3968517780303955,4.000486373901367,3.7879130840301514,3.768941879272461,Traffic:,96,87,87,87
Time:,1.4455556869506836,4.084377288818359,3.8626928329467773,3.854368209838867,Traffic:,152,152,152,152


Time:,0.0014729499816894531,0.0014128684997558594,0.0013580322265625,0.0012559890747070312,Traffic:,14,14,14,14
Time:,0.008944034576416016,0.008429765701293945,0.008366107940673828,0.00860285758972168,Traffic:,49,49,49,49
Time:,0.07076334953308105,0.05079984664916992,0.05059003829956055,0.05195784568786621,Traffic:,67,65,65,65
Time:,0.10132408142089844,0.10084676742553711,0.0985870361328125,0.10077500343322754,Traffic:,138,90,90,90
Time:,0.12563323974609375,0.14711880683898926,0.14113593101501465,0.1491239070892334,Traffic:,108,101,101,101
Time:,0.14612030982971191,0.17679572105407715,0.17506790161132812,0.18242192268371582,Traffic:,59,59,59,59
Time:,0.18607735633850098,0.26875758171081543,0.26606178283691406,0.27443909645080566,Traffic:,157,144,144,144
Time:,0.3097362518310547,0.6199057102203369,0.6212365627288818,0.6301290988922119,Traffic:,431,401,402,402
Time:,0.6324901580810547,2.1703057289123535,2.3634135723114014,2.2855851650238037,Traffic:,644,589,589,589
Time:,0.6514902114868164,2.2020437717437744,2.3955025672912598,2.3182742595672607,Traffic:,66,66,66,66
Time:,1.136972188949585,3.6028358936309814,3.691936492919922,3.5360190868377686,Traffic:,359,226,226,226
Time:,1.2337472438812256,3.708098888397217,3.7875375747680664,3.6306610107421875,Traffic:,174,174,174,174
Time:,1.2789943218231201,3.7720468044281006,3.844048500061035,3.6919939517974854,Traffic:,205,204,204,204
Time:,1.3221518993377686,3.8658287525177,3.9335803985595703,3.7832279205322266,Traffic:,192,176,176,176
Time:,1.3474838733673096,3.9121346473693848,3.9714083671569824,3.8286948204040527,Traffic:,85,84,84,84
Time:,1.39217209815979,3.9956204891204834,4.052999496459961,3.9132578372955322,Traffic:,203,167,167,167


Time:,0.002198934555053711,0.0014128684997558594,0.0014119148254394531,0.001428365707397461,Traffic:,11,11,11,11
Time:,0.010179996490478516,0.008331060409545898,0.008479118347167969,0.008884429931640625,Traffic:,36,36,36,36
Time:,0.07142186164855957,0.052559852600097656,0.054113149642944336,0.053162336349487305,Traffic:,77,66,66,66
Time:,0.10966277122497559,0.13354992866516113,0.1086740493774414,0.10596346855163574,Traffic:,140,94,94,94
Time:,0.13592076301574707,0.1850299835205078,0.1584477424621582,0.15619134902954102,Traffic:,109,109,109,109
Time:,0.1568136215209961,0.21674203872680664,0.18833160400390625,0.18552756309509277,Traffic:,80,80,80,80
Time:,0.19432377815246582,0.30121803283691406,0.27115440368652344,0.2744903564453125,Traffic:,138,137,137,137
Time:,0.31951284408569336,0.6604390144348145,0.6204173564910889,0.655785322189331,Traffic:,407,366,366,366
Time:,0.65234375,2.3304710388183594,2.198225259780884,2.41447114944458,Traffic:,714,660,660,660
Time:,0.6724197864532471,2.3729631900787354,2.2370595932006836,2.455911874771118,Traffic:,90,89,89,89
Time:,1.19891357421875,3.3493542671203613,3.090329647064209,3.4091289043426514,Traffic:,291,169,169,169
Time:,1.2916114330291748,3.442674398422241,3.200925827026367,3.511281967163086,Traffic:,207,207,207,207
Time:,1.337294578552246,3.5012824535369873,3.252506971359253,3.567323923110962,Traffic:,216,216,216,216
Time:,1.3783116340637207,3.5877270698547363,3.339797019958496,3.655444860458374,Traffic:,155,155,155,155
Time:,1.4031405448913574,3.6570992469787598,3.404576063156128,3.7258658409118652,Traffic:,111,111,111,111
Time:,1.446948528289795,3.7645745277404785,3.51411509513855,3.835465908050537,Traffic:,155,155,155,155


Time:,0.0016448497772216797,0.0014028549194335938,0.0012698173522949219,0.0012750625610351562,Traffic:,9,9,9,9
Time:,0.00915980339050293,0.009547710418701172,0.008415699005126953,0.008581161499023438,Traffic:,59,59,59,59
Time:,0.06936883926391602,0.0576777458190918,0.05602383613586426,0.05659127235412598,Traffic:,81,69,69,69
Time:,0.09992003440856934,0.09182882308959961,0.09063577651977539,0.09221625328063965,Traffic:,116,61,61,61
Time:,0.12366819381713867,0.13833880424499512,0.135833740234375,0.1384894847869873,Traffic:,103,103,103,103
Time:,0.1421363353729248,0.17236781120300293,0.16721796989440918,0.17172741889953613,Traffic:,97,97,97,97
Time:,0.17872929573059082,0.2636098861694336,0.2469780445098877,0.25186753273010254,Traffic:,139,135,135,135
Time:,0.30776524543762207,0.6126611232757568,0.5951700210571289,0.606480598449707,Traffic:,425,387,387,387
Time:,0.6223652362823486,2.191714286804199,2.102607011795044,2.19682240486145,Traffic:,714,615,615,615
Time:,0.6419401168823242,2.230811357498169,2.1349480152130127,2.2323062419891357,Traffic:,75,75,75,75
Time:,1.129688024520874,3.198460340499878,3.101915121078491,3.2060601711273193,Traffic:,309,204,204,206
Time:,1.2152190208435059,3.2932534217834473,3.1989800930023193,3.298772096633911,Traffic:,192,192,192,192
Time:,1.2664072513580322,3.355553388595581,3.255682945251465,3.361767053604126,Traffic:,210,208,208,208
Time:,1.3111181259155273,3.4503042697906494,3.346342086791992,3.456684112548828,Traffic:,179,179,179,179
Time:,1.3382842540740967,3.532961368560791,3.412824869155884,3.5328269004821777,Traffic:,108,98,98,98
Time:,1.3883991241455078,3.6352033615112305,3.511265754699707,3.623663902282715,Traffic:,231,218,218,218


