 ,Greedy,WeightedA*,A*,Dijkstras, ,Greedy,WeightedA*,A*,Dijkstras
Time:,0.026131153106689453,0.0258939266204834,0.025155067443847656,0.02580404281616211,Traffic:,10,10,10,10
Time:,0.1835341453552246,0.18297195434570312,0.18273568153381348,0.19822311401367188,Traffic:,44,44,44,44
Time:,1.3185372352600098,0.22778606414794922,0.24072670936584473,0.24895310401916504,Traffic:,71,64,64,64
Time:,1.3575031757354736,0.26407599449157715,0.2832639217376709,0.2969491481781006,Traffic:,153,86,86,86
Time:,1.3853988647460938,0.29097890853881836,0.330873966217041,0.34520602226257324,Traffic:,96,96,96,96
Time:,1.404932975769043,0.3089790344238281,0.3614377975463867,0.3764982223510742,Traffic:,70,70,70,70
Time:,1.442652940750122,0.3599059581756592,0.453143835067749,0.4671590328216553,Traffic:,162,162,155,155
Time:,1.5846269130706787,0.6676437854766846,0.8811018466949463,0.9018709659576416,Traffic:,434,399,399,399
Time:,1.9691808223724365,1.2805278301239014,2.386833667755127,2.5135128498077393,Traffic:,707,674,629,629
Time:,1.989365816116333,1.3032498359680176,2.4301133155822754,2.558696985244751,Traffic:,83,83,83,83
Time:,2.493415594100952,1.8754820823669434,3.4401981830596924,3.618741035461426,Traffic:,285,198,178,179
Time:,2.5825254917144775,1.9531919956207275,3.5315701961517334,3.7110259532928467,Traffic:,178,178,178,178
Time:,2.627781629562378,1.998490810394287,3.5888540744781494,3.7705678939819336,Traffic:,202,202,196,196
Time:,2.6686718463897705,2.0435047149658203,3.6820151805877686,3.863619089126587,Traffic:,174,174,174,174
Time:,2.6942477226257324,2.069819688796997,3.726036310195923,3.9118101596832275,Traffic:,92,92,86,86
Time:,2.74037766456604,2.1222074031829834,3.8080685138702393,3.9957902431488037,Traffic:,208,174,154,154


Time:,0.0015878677368164062,0.0014657974243164062,0.001664876937866211,0.0014100074768066406,Traffic:,15,15,15,15
Time:,0.010457754135131836,0.009140729904174805,0.00945591926574707,0.008647918701171875,Traffic:,47,47,47,47
Time:,0.03861665725708008,0.03853273391723633,0.054521799087524414,0.053998708724975586,Traffic:,61,61,61,61
Time:,0.07045149803161621,0.07731986045837402,0.10776996612548828,0.11031270027160645,Traffic:,122,96,96,96
Time:,0.09557151794433594,0.10261178016662598,0.15109896659851074,0.15663671493530273,Traffic:,94,94,94,94
Time:,0.11391139030456543,0.12362384796142578,0.1835167407989502,0.18932580947875977,Traffic:,72,72,72,72
Time:,0.15319061279296875,0.16073179244995117,0.2601327896118164,0.28287386894226074,Traffic:,95,95,95,95
Time:,0.28735971450805664,0.460559606552124,0.6544268131256104,0.68619704246521,Traffic:,422,421,403,402
Time:,0.6335055828094482,0.9043235778808594,2.2892251014709473,2.361868143081665,Traffic:,683,648,621,621
Time:,0.6546845436096191,0.9303302764892578,2.336043119430542,2.410928249359131,Traffic:,107,107,107,107
Time:,1.183429479598999,1.591628074645996,3.5638720989227295,3.982018232345581,Traffic:,366,236,206,205
Time:,1.3047406673431396,1.684779167175293,3.6610970497131348,4.085048198699951,Traffic:,193,193,193,193
Time:,1.349951982498169,1.7456340789794922,3.734998941421509,4.1664392948150635,Traffic:,197,197,197,197
Time:,1.4158740043640137,1.8000810146331787,3.8447821140289307,4.270280361175537,Traffic:,172,172,166,166
Time:,1.4451541900634766,1.831010103225708,3.906641960144043,4.362772464752197,Traffic:,96,96,89,89
Time:,1.5002522468566895,1.8913531303405762,4.007864952087402,4.473817348480225,Traffic:,166,166,160,160


Time:,0.002542257308959961,0.0014650821685791016,0.0015101432800292969,0.0014159679412841797,Traffic:,14,14,14,14
Time:,0.011496305465698242,0.00956106185913086,0.008703947067260742,0.010178804397583008,Traffic:,51,51,51,51
Time:,0.04036307334899902,0.04922795295715332,0.05444192886352539,0.057811737060546875,Traffic:,72,72,68,68
Time:,0.07369709014892578,0.093505859375,0.12439680099487305,0.12359356880187988,Traffic:,105,91,91,91
Time:,0.10053205490112305,0.13193392753601074,0.17535066604614258,0.17307543754577637,Traffic:,126,126,126,126
Time:,0.12137198448181152,0.15378499031066895,0.20164775848388672,0.20402050018310547,Traffic:,56,56,56,56
Time:,0.16423511505126953,0.203538179397583,0.2997109889984131,0.3043653964996338,Traffic:,150,150,147,147
Time:,0.3087019920349121,0.3839881420135498,0.6657490730285645,0.6742763519287109,Traffic:,354,331,331,334
Time:,0.674685001373291,0.9290122985839844,2.1711578369140625,2.412804365158081,Traffic:,621,554,547,547
Time:,0.699641227722168,0.9508512020111084,2.203720808029175,2.446465492248535,Traffic:,69,69,69,69
Time:,1.2334563732147217,1.5215191841125488,3.363178014755249,3.4734795093536377,Traffic:,343,238,203,204
Time:,1.3290293216705322,1.6154701709747314,3.4620540142059326,3.5710947513580322,Traffic:,179,179,179,179
Time:,1.3759493827819824,1.6765801906585693,3.527024030685425,3.6321325302124023,Traffic:,237,237,235,235
Time:,1.4188604354858398,1.7314350605010986,3.616339921951294,3.7237045764923096,Traffic:,168,168,152,152
Time:,1.446378469467163,1.7572622299194336,3.6658267974853516,3.7853646278381348,Traffic:,108,108,108,108
Time:,1.4931485652923584,1.8071532249450684,3.75797176361084,3.883028745651245,Traffic:,201,201,188,188


Time:,0.0012202262878417969,0.0013523101806640625,0.0013680458068847656,0.0012731552124023438,Traffic:,9,9,9,9
Time:,0.008934497833251953,0.009937286376953125,0.008959054946899414,0.03996109962463379,Traffic:,49,49,49,49
Time:,0.04065847396850586,0.046497344970703125,0.055666446685791016,0.0852510929107666,Traffic:,71,71,71,70
Time:,0.07179832458496094,0.08550643920898438,0.11086249351501465,0.1401510238647461,Traffic:,114,97,94,94
Time:,0.09664130210876465,0.1111452579498291,0.1584775447845459,0.188615083694458,Traffic:,117,117,117,117
Time:,0.1168053150177002,0.13728618621826172,0.19151949882507324,0.22106623649597168,Traffic:,83,83,83,83
Time:,0.15581321716308594,0.18094730377197266,0.27976536750793457,0.31217503547668457,Traffic:,145,145,139,139
Time:,0.2880711555480957,0.450803279876709,0.681415319442749,0.7191290855407715,Traffic:,405,395,393,393
Time:,0.6641862392425537,1.0942442417144775,2.347994327545166,2.6281611919403076,Traffic:,679,611,578,578
Time:,0.6871604919433594,1.1205573081970215,2.396597146987915,2.672988176345825,Traffic:,72,72,72,72
Time:,1.2552134990692139,1.6014714241027832,3.4424962997436523,3.7032723426818848,Traffic:,294,200,190,190
Time:,1.3516566753387451,1.6939544677734375,3.5451722145080566,3.804805278778076,Traffic:,187,187,187,187
Time:,1.4024837017059326,1.7452013492584229,3.605276107788086,3.8695144653320312,Traffic:,214,214,214,214
Time:,1.4459788799285889,1.8089003562927246,3.699876070022583,3.965731382369995,Traffic:,184,184,172,172
Time:,1.4752020835876465,1.8359594345092773,3.7532691955566406,4.026364326477051,Traffic:,99,99,99,99
Time:,1.525022029876709,1.8835182189941406,3.8447232246398926,4.122670650482178,Traffic:,173,173,151,151


Time:,0.0025892257690429688,0.001589059829711914,0.001447916030883789,0.0014019012451171875,Traffic:,11,11,11,11
Time:,0.01300501823425293,0.01096200942993164,0.008813619613647461,0.009389877319335938,Traffic:,51,51,51,51
Time:,0.042201995849609375,0.05084991455078125,0.05309462547302246,0.05849504470825195,Traffic:,84,76,56,56
Time:,0.07636904716491699,0.0929567813873291,0.10041165351867676,0.10899186134338379,Traffic:,121,89,89,89
Time:,0.10294270515441895,0.13109350204467773,0.15364861488342285,0.1596231460571289,Traffic:,121,121,121,121
Time:,0.12454867362976074,0.15291762351989746,0.18645477294921875,0.19219112396240234,Traffic:,83,83,83,83
Time:,0.1639842987060547,0.19802355766296387,0.2727358341217041,0.28445911407470703,Traffic:,116,116,113,113
Time:,0.32839322090148926,0.44028568267822266,0.6677470207214355,0.7283129692077637,Traffic:,381,365,352,356
Time:,0.706517219543457,0.9558076858520508,2.467665195465088,2.5351879596710205,Traffic:,745,662,636,636
Time:,0.7277650833129883,0.9781877994537354,2.5104360580444336,2.5784289836883545,Traffic:,82,82,75,75
Time:,1.2407362461090088,1.5975208282470703,3.557271957397461,3.7000889778137207,Traffic:,304,238,204,204
Time:,1.3323791027069092,1.691380500793457,3.6560769081115723,3.8004150390625,Traffic:,209,209,209,209
Time:,1.3805441856384277,1.7403886318206787,3.7188260555267334,3.863384962081909,Traffic:,250,240,240,240
Time:,1.4246842861175537,1.801769495010376,3.8138482570648193,3.960284948348999,Traffic:,179,179,179,179
Time:,1.4513342380523682,1.8273541927337646,3.8623204231262207,4.0106141567230225,Traffic:,92,92,90,90
Time:,1.498598337173462,1.8750052452087402,3.954949378967285,4.106588363647461,Traffic:,163,163,163,163


Time:,0.0015749931335449219,0.0014119148254394531,0.0024261474609375,0.0014920234680175781,Traffic:,20,20,20,20
Time:,0.013347148895263672,0.011281967163085938,0.011431217193603516,0.012786149978637695,Traffic:,52,52,52,52
Time:,0.044887542724609375,0.06365680694580078,0.06560945510864258,0.05988430976867676,Traffic:,71,71,71,71
Time:,0.07821869850158691,0.1456136703491211,0.13434839248657227,0.12005901336669922,Traffic:,125,128,123,121
Time:,0.10355758666992188,0.17341184616088867,0.1760702133178711,0.17039704322814941,Traffic:,96,96,96,96
Time:,0.12355446815490723,0.19327688217163086,0.20798301696777344,0.2037792205810547,Traffic:,56,56,56,56
Time:,0.16259050369262695,0.24179983139038086,0.29659295082092285,0.29762721061706543,Traffic:,122,122,118,118
Time:,0.3025033473968506,0.48143482208251953,0.6730339527130127,0.6783542633056641,Traffic:,368,353,353,352
Time:,0.7370562553405762,0.9220170974731445,2.2675747871398926,2.335644245147705,Traffic:,627,623,600,602
Time:,0.7595810890197754,0.9440491199493408,2.317697763442993,2.391186237335205,Traffic:,76,76,76,76
Time:,1.318101167678833,1.5719859600067139,3.893338680267334,3.819243907928467,Traffic:,351,244,213,212
Time:,1.4377970695495605,1.692763090133667,4.001749515533447,3.925715684890747,Traffic:,217,217,217,217
Time:,1.4933521747589111,1.7456953525543213,4.067108631134033,3.993727922439575,Traffic:,215,215,215,215
Time:,1.5368962287902832,1.8045852184295654,4.160980701446533,4.088099002838135,Traffic:,182,182,170,169
Time:,1.563965082168579,1.832463264465332,4.219237565994263,4.157447099685669,Traffic:,98,98,98,98
Time:,1.6117820739746094,1.8830502033233643,4.299656629562378,4.25397515296936,Traffic:,180,180,162,162


Time:,0.0015249252319335938,0.0014560222625732422,0.002178192138671875,0.00140380859375,Traffic:,19,19,19,19
Time:,0.01147007942199707,0.009874820709228516,0.009955167770385742,0.010187625885009766,Traffic:,39,39,39,39
Time:,0.048133134841918945,0.06049203872680664,0.06295514106750488,0.05941152572631836,Traffic:,88,80,68,68
Time:,0.08284115791320801,0.10646915435791016,0.11794900894165039,0.11476540565490723,Traffic:,170,134,126,126
Time:,0.1087648868560791,0.14359021186828613,0.16916584968566895,0.16587042808532715,Traffic:,92,92,92,92
Time:,0.12916898727416992,0.16444802284240723,0.2002100944519043,0.1979963779449463,Traffic:,80,80,80,80
Time:,0.1686878204345703,0.20681500434875488,0.2808201313018799,0.28411245346069336,Traffic:,105,105,105,105
Time:,0.3069908618927002,0.4823591709136963,0.6760449409484863,0.7656025886535645,Traffic:,422,405,399,399
Time:,0.6727337837219238,0.9975252151489258,2.7829501628875732,2.573387384414673,Traffic:,736,629,611,612
Time:,0.6942999362945557,1.019200086593628,2.8125369548797607,2.6070635318756104,Traffic:,55,55,54,54
Time:,1.2128257751464844,1.552565097808838,3.7536370754241943,3.5885963439941406,Traffic:,326,203,188,188
Time:,1.3026108741760254,1.6354210376739502,3.844057083129883,3.683683395385742,Traffic:,160,160,160,160
Time:,1.3501017093658447,1.683302879333496,3.8986382484436035,3.745818614959717,Traffic:,201,201,201,201
Time:,1.393683671951294,1.7463438510894775,3.9959120750427246,3.8427886962890625,Traffic:,182,182,177,177
Time:,1.4194016456604004,1.7743327617645264,4.040961265563965,3.893253803253174,Traffic:,87,87,83,83
Time:,1.4701406955718994,1.8256549835205078,4.147455215454102,4.0057196617126465,Traffic:,187,187,187,187


Time:,0.0016169548034667969,0.0015480518341064453,0.0013821125030517578,0.0014889240264892578,Traffic:,10,10,10,10
Time:,0.010922908782958984,0.009207010269165039,0.009910345077514648,0.010260820388793945,Traffic:,34,34,34,34
Time:,0.04659271240234375,0.0428159236907959,0.05980825424194336,0.060869693756103516,Traffic:,61,56,56,56
Time:,0.08204960823059082,0.08978867530822754,0.11510324478149414,0.12715673446655273,Traffic:,119,116,112,112
Time:,0.10851788520812988,0.12072896957397461,0.15590119361877441,0.16974377632141113,Traffic:,87,87,87,87
Time:,0.12859892845153809,0.1415860652923584,0.1860342025756836,0.20154094696044922,Traffic:,68,68,68,68
Time:,0.16770195960998535,0.18141913414001465,0.26281309127807617,0.2816340923309326,Traffic:,92,92,91,91
Time:,0.2998690605163574,0.4520571231842041,0.6412708759307861,0.6680960655212402,Traffic:,393,393,381,381
Time:,0.6619400978088379,0.9383161067962646,2.2457637786865234,2.5375850200653076,Traffic:,651,637,598,599
Time:,0.6822819709777832,0.9589419364929199,2.275686502456665,2.5721702575683594,Traffic:,60,60,53,53
Time:,1.2070848941802979,1.5960469245910645,3.7016074657440186,3.9319214820861816,Traffic:,322,211,195,194
Time:,1.3201148509979248,1.695235013961792,3.8236143589019775,4.066368341445923,Traffic:,243,243,243,243
Time:,1.3681046962738037,1.7449901103973389,3.896855354309082,4.158296585083008,Traffic:,228,228,228,228
Time:,1.4121026992797852,1.7970972061157227,4.026582717895508,4.25361180305481,Traffic:,168,168,168,168
Time:,1.4388487339019775,1.822378396987915,4.08211088180542,4.312282562255859,Traffic:,88,88,88,88
Time:,1.4851348400115967,1.870807409286499,4.173492908477783,4.410825490951538,Traffic:,172,172,162,162


Time:,0.0016829967498779297,0.0024890899658203125,0.0015289783477783203,0.0013670921325683594,Traffic:,14,14,14,14
Time:,0.00970911979675293,0.009936809539794922,0.008787155151367188,0.009890079498291016,Traffic:,42,42,42,42
Time:,0.04171276092529297,0.05198860168457031,0.05941009521484375,0.05888938903808594,Traffic:,81,81,75,75
Time:,0.07322287559509277,0.08395171165466309,0.09490799903869629,0.0953986644744873,Traffic:,135,69,69,69
Time:,0.09784364700317383,0.11428666114807129,0.16331720352172852,0.16075658798217773,Traffic:,104,104,104,104
Time:,0.1238868236541748,0.13939952850341797,0.19965720176696777,0.19442462921142578,Traffic:,47,47,47,47
Time:,0.16280794143676758,0.1836543083190918,0.29204702377319336,0.2925405502319336,Traffic:,154,154,147,146
Time:,0.30384397506713867,0.5077641010284424,0.6729922294616699,0.6788184642791748,Traffic:,411,382,382,382
Time:,0.6639420986175537,0.9775340557098389,2.23640513420105,2.345844268798828,Traffic:,625,571,553,553
Time:,0.6845002174377441,0.999701738357544,2.2771143913269043,2.393874168395996,Traffic:,82,82,76,76
Time:,1.2545802593231201,1.7446188926696777,3.5287532806396484,3.6667094230651855,Traffic:,326,266,221,221
Time:,1.3463594913482666,1.8378968238830566,3.633183240890503,3.770594358444214,Traffic:,187,187,187,187
Time:,1.396660566329956,1.8890297412872314,3.697420358657837,3.8329343795776367,Traffic:,245,245,240,240
Time:,1.4415624141693115,1.9444105625152588,3.7930190563201904,3.9301395416259766,Traffic:,146,146,146,146
Time:,1.469611406326294,1.9715275764465332,3.854485034942627,4.001216650009155,Traffic:,109,109,108,108
Time:,1.5195462703704834,2.0219056606292725,3.951101064682007,4.104340553283691,Traffic:,207,207,193,193


Time:,0.0016293525695800781,0.0016069412231445312,0.0015401840209960938,0.0013880729675292969,Traffic:,12,12,12,12
Time:,0.0108642578125,0.009757041931152344,0.00898599624633789,0.009769916534423828,Traffic:,50,50,50,50
Time:,0.04538607597351074,0.05105996131896973,0.05489611625671387,0.05763602256774902,Traffic:,63,58,55,55
Time:,0.07895493507385254,0.09679794311523438,0.10772919654846191,0.11208486557006836,Traffic:,134,108,106,106
Time:,0.1045539379119873,0.13021373748779297,0.15458440780639648,0.16205978393554688,Traffic:,107,107,107,107
Time:,0.12490010261535645,0.15323376655578613,0.18689656257629395,0.19700980186462402,Traffic:,83,83,83,83
Time:,0.16580533981323242,0.20255661010742188,0.2766737937927246,0.29494285583496094,Traffic:,136,136,136,136
Time:,0.30123329162597656,0.5110244750976562,0.6485006809234619,0.6911537647247314,Traffic:,417,393,386,386
Time:,0.7099802494049072,1.0541174411773682,2.4401345252990723,2.665764570236206,Traffic:,708,623,613,613
Time:,0.7339382171630859,1.082092523574829,2.482144594192505,2.718313694000244,Traffic:,88,88,86,86
Time:,1.328819990158081,1.856125831604004,3.75787353515625,4.121571779251099,Traffic:,326,229,185,184
Time:,1.489912748336792,1.9810748100280762,3.8913376331329346,4.278075933456421,Traffic:,165,165,165,165
Time:,1.5599868297576904,2.0477237701416016,3.971935510635376,4.352762222290039,Traffic:,211,211,208,208
Time:,1.612041711807251,2.096552610397339,4.065099716186523,4.447030305862427,Traffic:,151,151,151,151
Time:,1.6422655582427979,2.1259987354278564,4.129393815994263,4.5170581340789795,Traffic:,106,106,106,106
Time:,1.7105684280395508,2.1886887550354004,4.247875690460205,4.64771032333374,Traffic:,168,168,168,168


Time:,0.0019299983978271484,0.0016901493072509766,0.0014290809631347656,0.0015850067138671875,Traffic:,8,8,8,8
Time:,0.011090278625488281,0.01077127456665039,0.009209156036376953,0.009714126586914062,Traffic:,36,36,36,36
Time:,0.04481911659240723,0.05382537841796875,0.0772852897644043,0.08177924156188965,Traffic:,71,67,57,57
Time:,0.09358692169189453,0.1134481430053711,0.1563892364501953,0.1621685028076172,Traffic:,140,112,112,112
Time:,0.12976694107055664,0.152008056640625,0.2166740894317627,0.2174975872039795,Traffic:,84,84,84,84
Time:,0.1499919891357422,0.17197108268737793,0.2488241195678711,0.2505767345428467,Traffic:,63,63,63,63
Time:,0.18912506103515625,0.22243928909301758,0.3443591594696045,0.342254638671875,Traffic:,159,159,156,156
Time:,0.33595705032348633,0.5432720184326172,0.7763023376464844,0.7975645065307617,Traffic:,415,401,397,397
Time:,0.6962230205535889,1.0630197525024414,2.5874435901641846,2.6013054847717285,Traffic:,636,598,589,589
Time:,0.7168800830841064,1.0839006900787354,2.6325786113739014,2.6508543491363525,Traffic:,81,81,78,78
Time:,1.2580101490020752,1.7231264114379883,3.90913462638855,3.9518752098083496,Traffic:,343,234,220,221
Time:,1.352621078491211,1.8170065879821777,4.035160541534424,4.0550315380096436,Traffic:,173,173,173,173
Time:,1.40183424949646,1.868389368057251,4.101955413818359,4.1162028312683105,Traffic:,214,214,214,214
Time:,1.4438714981079102,1.9280142784118652,4.197018623352051,4.212270021438599,Traffic:,186,186,174,176
Time:,1.470017433166504,1.9552855491638184,4.249471426010132,4.269073963165283,Traffic:,111,111,109,109
Time:,1.5181403160095215,2.0033934116363525,4.349916458129883,4.371903896331787,Traffic:,162,162,161,161


Time:,0.0017349720001220703,0.0014498233795166016,0.002162933349609375,0.0014426708221435547,Traffic:,12,12,12,12
Time:,0.01088094711303711,0.010325908660888672,0.010000944137573242,0.009361743927001953,Traffic:,46,46,46,46
Time:,0.04430985450744629,0.047698974609375,0.052343130111694336,0.05466270446777344,Traffic:,70,48,48,48
Time:,0.0769808292388916,0.08910322189331055,0.1002812385559082,0.1054384708404541,Traffic:,117,87,87,87
Time:,0.10172200202941895,0.11405110359191895,0.14530324935913086,0.1516103744506836,Traffic:,98,98,98,98
Time:,0.12227511405944824,0.135209321975708,0.1772003173828125,0.18426132202148438,Traffic:,80,80,80,80
Time:,0.16232013702392578,0.1852724552154541,0.28467535972595215,0.28035640716552734,Traffic:,155,147,143,143
Time:,0.3123903274536133,0.4428997039794922,0.7984752655029297,0.7503855228424072,Traffic:,413,389,359,359
Time:,0.7972180843353271,0.8982465267181396,2.376277208328247,2.5024144649505615,Traffic:,692,612,589,589
Time:,0.8177793025970459,0.9263026714324951,2.422563314437866,2.5494015216827393,Traffic:,78,78,75,75
Time:,1.338690996170044,1.5392687320709229,3.480513572692871,3.66725754737854,Traffic:,349,237,198,198
Time:,1.4306950569152832,1.6363027095794678,3.581570625305176,3.766338586807251,Traffic:,208,208,208,208
Time:,1.4787311553955078,1.6843235492706299,3.639901638031006,3.8286373615264893,Traffic:,217,217,212,212
Time:,1.5239372253417969,1.7325103282928467,3.7288873195648193,3.922823190689087,Traffic:,156,156,156,156
Time:,1.5505702495574951,1.759352207183838,3.7799901962280273,3.981828451156616,Traffic:,90,90,84,84
Time:,1.5966029167175293,1.80721116065979,3.882754325866699,4.089440584182739,Traffic:,169,169,169,169


Time:,0.0015659332275390625,0.0015501976013183594,0.0016810894012451172,0.00140380859375,Traffic:,7,7,7,7
Time:,0.010977745056152344,0.009540319442749023,0.010385751724243164,0.00970768928527832,Traffic:,56,56,56,56
Time:,0.039530038833618164,0.04123234748840332,0.057254791259765625,0.05582165718078613,Traffic:,70,57,57,60
Time:,0.07094097137451172,0.08075618743896484,0.1114964485168457,0.1116018295288086,Traffic:,120,109,102,102
Time:,0.09702873229980469,0.11027216911315918,0.16129565238952637,0.16170287132263184,Traffic:,120,120,120,120
Time:,0.11805963516235352,0.13125300407409668,0.1923818588256836,0.19492673873901367,Traffic:,64,64,64,64
Time:,0.1580514907836914,0.17239809036254883,0.2766988277435303,0.2826087474822998,Traffic:,148,148,145,145
Time:,0.2917945384979248,0.4692530632019043,0.6557450294494629,0.6598999500274658,Traffic:,405,371,369,369
Time:,0.648399829864502,0.9096882343292236,2.166002035140991,2.348701000213623,Traffic:,616,559,532,532
Time:,0.6679327487945557,0.9335451126098633,2.2117209434509277,2.3927829265594482,Traffic:,79,79,73,73
Time:,1.1638517379760742,1.4772930145263672,3.2601850032806396,3.5993239879608154,Traffic:,370,243,217,216
Time:,1.256666898727417,1.5682013034820557,3.3609659671783447,3.701268196105957,Traffic:,196,196,196,196
Time:,1.3054118156433105,1.6183862686157227,3.4243099689483643,3.7662482261657715,Traffic:,217,217,217,217
Time:,1.3501737117767334,1.6671640872955322,3.515434980392456,3.859985113143921,Traffic:,171,171,171,171
Time:,1.3768274784088135,1.6937119960784912,3.569326162338257,3.9180362224578857,Traffic:,79,79,76,76
Time:,1.42539644241333,1.740783929824829,3.6712450981140137,4.030409097671509,Traffic:,195,195,185,185


Time:,0.0015511512756347656,0.001421213150024414,0.00133514404296875,0.0014529228210449219,Traffic:,6,6,6,6
Time:,0.009382247924804688,0.008887529373168945,0.00967097282409668,0.008672952651977539,Traffic:,42,42,42,42
Time:,0.03811526298522949,0.04528665542602539,0.07819819450378418,0.08093881607055664,Traffic:,59,57,57,59
Time:,0.07878732681274414,0.09936380386352539,0.15064311027526855,0.14342784881591797,Traffic:,113,115,113,112
Time:,0.10524630546569824,0.12496590614318848,0.19177937507629395,0.19104576110839844,Traffic:,89,89,89,89
Time:,0.1278080940246582,0.1482100486755371,0.22333455085754395,0.22336363792419434,Traffic:,78,78,78,78
Time:,0.1677241325378418,0.1892681121826172,0.3010094165802002,0.308349609375,Traffic:,118,118,118,118
Time:,0.3033640384674072,0.44466686248779297,0.6759593486785889,0.6872406005859375,Traffic:,376,360,357,357
Time:,0.6544499397277832,0.9562208652496338,2.0980422496795654,2.2281718254089355,Traffic:,707,612,565,565
Time:,0.6758129596710205,0.9787945747375488,2.136136293411255,2.269484758377075,Traffic:,88,88,88,88
Time:,1.2036919593811035,1.603468656539917,3.0301501750946045,3.289787769317627,Traffic:,311,213,174,175
Time:,1.2967588901519775,1.6993327140808105,3.1314122676849365,3.3911349773406982,Traffic:,216,216,216,216
Time:,1.3457560539245605,1.7464487552642822,3.194293260574341,3.4536938667297363,Traffic:,225,225,225,225
Time:,1.3899188041687012,1.7973248958587646,3.2843103408813477,3.548412799835205,Traffic:,176,176,176,176
Time:,1.4175968170166016,1.8256518840789795,3.3448214530944824,3.6168618202209473,Traffic:,118,118,118,118
Time:,1.4653408527374268,1.8748610019683838,3.4478237628936768,3.722308874130249,Traffic:,194,194,194,194


Time:,0.0017390251159667969,0.001508951187133789,0.0016057491302490234,0.001306772232055664,Traffic:,9,9,9,9
Time:,0.01006317138671875,0.009171009063720703,0.00903463363647461,0.008780717849731445,Traffic:,27,27,27,27
Time:,0.044103145599365234,0.05668830871582031,0.0540928840637207,0.05347585678100586,Traffic:,84,80,72,72
Time:,0.07762336730957031,0.10051536560058594,0.10842466354370117,0.11297488212585449,Traffic:,111,104,100,100
Time:,0.1027824878692627,0.12572050094604492,0.1570284366607666,0.1634509563446045,Traffic:,108,108,108,108
Time:,0.12337255477905273,0.1476435661315918,0.18684077262878418,0.19398283958435059,Traffic:,66,66,66,66
Time:,0.16324377059936523,0.19846463203430176,0.2824718952178955,0.2863607406616211,Traffic:,130,130,127,127
Time:,0.2976217269897461,0.4767622947692871,0.6733570098876953,0.6863436698913574,Traffic:,461,415,404,404
Time:,0.6578147411346436,1.0115821361541748,2.0937931537628174,2.2861485481262207,Traffic:,677,649,614,614
Time:,0.6791095733642578,1.0353951454162598,2.1438992023468018,2.3358876705169678,Traffic:,80,80,76,76
Time:,1.1981256008148193,1.5484142303466797,3.220078945159912,3.4596595764160156,Traffic:,355,238,211,211
Time:,1.2914106845855713,1.647911548614502,3.3208138942718506,3.559750556945801,Traffic:,218,218,218,218
Time:,1.341050624847412,1.6969237327575684,3.3804550170898438,3.6222126483917236,Traffic:,210,210,210,210
Time:,1.384730577468872,1.7561817169189453,3.4730608463287354,3.7172625064849854,Traffic:,175,157,157,156
Time:,1.4119725227355957,1.7829477787017822,3.519176721572876,3.769134521484375,Traffic:,100,100,93,93
Time:,1.4598946571350098,1.833613634109497,3.608341932296753,3.8617184162139893,Traffic:,182,182,158,158


Time:,0.002621173858642578,0.001447916030883789,0.001451730728149414,0.0013527870178222656,Traffic:,12,12,12,12
Time:,0.011536121368408203,0.009630918502807617,0.00947880744934082,0.009461641311645508,Traffic:,32,32,32,32
Time:,0.045617103576660156,0.05381512641906738,0.05678677558898926,0.05829262733459473,Traffic:,85,84,72,72
Time:,0.0793309211730957,0.10331916809082031,0.11398077011108398,0.11588168144226074,Traffic:,136,135,122,122
Time:,0.10530805587768555,0.12964296340942383,0.15218591690063477,0.15608477592468262,Traffic:,85,85,85,85
Time:,0.12557625770568848,0.15100574493408203,0.18233489990234375,0.1878049373626709,Traffic:,71,71,71,71
Time:,0.1653902530670166,0.19733953475952148,0.2727780342102051,0.2773571014404297,Traffic:,148,148,140,140
Time:,0.29950428009033203,0.48720455169677734,0.6500213146209717,0.6757142543792725,Traffic:,439,427,422,422
Time:,0.7614731788635254,1.1553373336791992,2.442500114440918,2.4468605518341064,Traffic:,639,624,597,596
Time:,0.7813150882720947,1.1761572360992432,2.4764392375946045,2.4848616123199463,Traffic:,74,74,74,74
Time:,1.3828380107879639,1.8305041790008545,3.7034032344818115,3.723233699798584,Traffic:,391,271,206,207
Time:,1.4813199043273926,1.9241549968719482,3.8027403354644775,3.8255884647369385,Traffic:,193,193,193,193
Time:,1.5299839973449707,1.9720470905303955,3.8665032386779785,3.8861284255981445,Traffic:,203,203,203,203
Time:,1.5743248462677002,2.0326988697052,3.959679365158081,3.980698347091675,Traffic:,182,167,167,167
Time:,1.6012189388275146,2.0597009658813477,4.00959038734436,4.03716516494751,Traffic:,79,79,79,79
Time:,1.6478619575500488,2.12345290184021,4.097310304641724,4.127082347869873,Traffic:,187,187,160,160


Time:,0.002553224563598633,0.0019178390502929688,0.0014269351959228516,0.0014178752899169922,Traffic:,13,13,13,13
Time:,0.010665178298950195,0.009519100189208984,0.009527206420898438,0.009261846542358398,Traffic:,53,53,53,53
Time:,0.04481625556945801,0.04471898078918457,0.05717015266418457,0.05718278884887695,Traffic:,65,65,65,65
Time:,0.07606744766235352,0.07803487777709961,0.10305023193359375,0.1027219295501709,Traffic:,129,89,89,89
Time:,0.10157632827758789,0.10288882255554199,0.15279698371887207,0.15300607681274414,Traffic:,102,102,102,102
Time:,0.121246337890625,0.12478876113891602,0.18737101554870605,0.18917131423950195,Traffic:,66,66,66,66
Time:,0.16491222381591797,0.17189574241638184,0.28372716903686523,0.29294729232788086,Traffic:,135,135,129,129
Time:,0.3229482173919678,0.44234490394592285,0.7192304134368896,0.6798171997070312,Traffic:,387,381,367,366
Time:,0.681300163269043,0.974653959274292,2.399904489517212,2.4601922035217285,Traffic:,685,630,592,594
Time:,0.7025840282440186,0.9978008270263672,2.4450836181640625,2.503319263458252,Traffic:,85,85,84,84
Time:,1.2226738929748535,1.6391527652740479,3.7078897953033447,3.7581613063812256,Traffic:,350,282,241,241
Time:,1.3145148754119873,1.7312195301055908,3.8086938858032227,3.8579154014587402,Traffic:,216,216,216,216
Time:,1.3630268573760986,1.7797167301177979,3.8718419075012207,3.9201395511627197,Traffic:,253,253,251,251
Time:,1.4081368446350098,1.8302063941955566,3.9654557704925537,4.020636320114136,Traffic:,179,179,179,179
Time:,1.436619758605957,1.8563671112060547,4.021018981933594,4.085608005523682,Traffic:,107,107,107,107
Time:,1.4842605590820312,1.905663251876831,4.120640993118286,4.188876152038574,Traffic:,217,217,217,217


Time:,0.001644134521484375,0.0016357898712158203,0.0014548301696777344,0.0014369487762451172,Traffic:,7,7,7,7
Time:,0.010700225830078125,0.009028911590576172,0.009589195251464844,0.010191917419433594,Traffic:,37,37,37,37
Time:,0.04510331153869629,0.053401947021484375,0.0556793212890625,0.05827689170837402,Traffic:,70,64,47,52
Time:,0.07808518409729004,0.08771991729736328,0.11457443237304688,0.11535477638244629,Traffic:,163,127,127,127
Time:,0.10315322875976562,0.11305999755859375,0.1635725498199463,0.16355347633361816,Traffic:,114,114,114,114
Time:,0.12294912338256836,0.13255715370178223,0.1903245449066162,0.19348549842834473,Traffic:,49,49,49,49
Time:,0.16290616989135742,0.1719212532043457,0.2752656936645508,0.28114771842956543,Traffic:,142,142,137,137
Time:,0.29737401008605957,0.44442105293273926,0.6575326919555664,0.6620497703552246,Traffic:,419,385,378,378
Time:,0.6636769771575928,0.8945810794830322,2.3032617568969727,2.615541696548462,Traffic:,683,597,566,566
Time:,0.6868388652801514,0.9170799255371094,2.3421077728271484,2.6571404933929443,Traffic:,81,81,81,81
Time:,1.2061138153076172,1.4803590774536133,3.298783540725708,3.646852493286133,Traffic:,296,199,175,176
Time:,1.2988367080688477,1.5694849491119385,3.399259567260742,3.7482495307922363,Traffic:,217,217,213,213
Time:,1.3480615615844727,1.61836576461792,3.454965353012085,3.8063645362854004,Traffic:,198,198,198,198
Time:,1.3916015625,1.6619057655334473,3.540323257446289,3.8996593952178955,Traffic:,162,162,162,162
Time:,1.417651653289795,1.689293622970581,3.5944814682006836,3.9582371711730957,Traffic:,92,92,92,92
Time:,1.464888572692871,1.7433595657348633,3.7171573638916016,4.093334197998047,Traffic:,196,196,189,189


Time:,0.0014801025390625,0.0015647411346435547,0.0013461112976074219,0.0014591217041015625,Traffic:,8,8,8,8
Time:,0.00963735580444336,0.009363889694213867,0.008636236190795898,0.008697032928466797,Traffic:,53,53,53,53
Time:,0.04309439659118652,0.04785490036010742,0.051775217056274414,0.05370306968688965,Traffic:,79,66,63,63
Time:,0.07766914367675781,0.0829920768737793,0.09994935989379883,0.10352182388305664,Traffic:,109,84,72,72
Time:,0.10405111312866211,0.10978484153747559,0.15005922317504883,0.15210986137390137,Traffic:,104,104,103,104
Time:,0.1234891414642334,0.1298379898071289,0.17736339569091797,0.18220305442810059,Traffic:,44,44,44,44
Time:,0.16412901878356934,0.1784060001373291,0.26984620094299316,0.2746310234069824,Traffic:,138,138,136,136
Time:,0.2966883182525635,0.4395320415496826,0.6406774520874023,0.6446268558502197,Traffic:,373,369,361,361
Time:,0.6555821895599365,0.9863831996917725,2.2340383529663086,2.3146839141845703,Traffic:,685,646,598,598
Time:,0.6763191223144531,1.0084648132324219,2.265474319458008,2.350498914718628,Traffic:,62,62,62,62
Time:,1.1995151042938232,1.6765506267547607,3.3875303268432617,3.5237820148468018,Traffic:,337,252,201,201
Time:,1.2910809516906738,1.7748708724975586,3.4868721961975098,3.6242902278900146,Traffic:,235,235,235,235
Time:,1.3395559787750244,1.8235387802124023,3.5461361408233643,3.6851420402526855,Traffic:,177,177,177,177
Time:,1.3826980590820312,1.8761155605316162,3.6384501457214355,3.776669979095459,Traffic:,183,183,179,178
Time:,1.4090051651000977,1.9039506912231445,3.6942811012268066,3.8376388549804688,Traffic:,103,103,96,96
Time:,1.4588570594787598,1.9554028511047363,3.7957191467285156,3.9456725120544434,Traffic:,164,164,164,164


Time:,0.0016400814056396484,0.0013010501861572266,0.002180814743041992,0.001325845718383789,Traffic:,9,9,9,9
Time:,0.010172128677368164,0.009446859359741211,0.010208606719970703,0.008744955062866211,Traffic:,26,26,26,26
Time:,0.044777870178222656,0.04470562934875488,0.05069160461425781,0.052583932876586914,Traffic:,45,45,44,44
Time:,0.07751774787902832,0.08963346481323242,0.10970592498779297,0.11380887031555176,Traffic:,122,116,111,111
Time:,0.10252070426940918,0.13383221626281738,0.15912604331970215,0.16322875022888184,Traffic:,146,146,142,142
Time:,0.12230849266052246,0.15701627731323242,0.19316601753234863,0.2003498077392578,Traffic:,95,95,95,95
Time:,0.162184476852417,0.20235729217529297,0.2903568744659424,0.2917308807373047,Traffic:,165,165,162,162
Time:,0.2987184524536133,0.4799814224243164,0.6846399307250977,0.6932756900787354,Traffic:,417,406,380,380
Time:,0.6518793106079102,0.9486982822418213,2.4651870727539062,2.428964614868164,Traffic:,706,661,643,643
Time:,0.6711773872375488,0.9715161323547363,2.4979729652404785,2.4674665927886963,Traffic:,70,70,65,65
Time:,1.3141193389892578,1.5159859657287598,3.6463921070098877,3.6560604572296143,Traffic:,377,229,218,218
Time:,1.4064502716064453,1.616791009902954,3.744710922241211,3.755706548690796,Traffic:,202,202,202,202
Time:,1.4551563262939453,1.6650221347808838,3.8083248138427734,3.8186895847320557,Traffic:,196,196,196,196
Time:,1.4989783763885498,1.7170662879943848,3.9032599925994873,3.916409492492676,Traffic:,187,187,178,178
Time:,1.5271246433258057,1.743342399597168,3.954127788543701,3.9713165760040283,Traffic:,85,85,85,85
Time:,1.5739514827728271,1.7895374298095703,4.044055700302124,4.06864857673645,Traffic:,170,170,170,170


Time:,0.0016047954559326172,0.0017049312591552734,0.0023360252380371094,0.0014460086822509766,Traffic:,14,14,14,14
Time:,0.010974884033203125,0.009706974029541016,0.009981870651245117,0.009312868118286133,Traffic:,47,47,47,47
Time:,0.04085969924926758,0.04711484909057617,0.057936906814575195,0.05679512023925781,Traffic:,64,64,53,53
Time:,0.0725557804107666,0.0903158187866211,0.10920286178588867,0.10943603515625,Traffic:,126,121,112,112
Time:,0.09729981422424316,0.11925196647644043,0.15549898147583008,0.15711712837219238,Traffic:,107,107,107,107
Time:,0.11778402328491211,0.13996505737304688,0.18827486038208008,0.19435715675354004,Traffic:,81,81,81,81
Time:,0.15557098388671875,0.1814439296722412,0.2751307487487793,0.32964420318603516,Traffic:,140,140,140,140
Time:,0.34595322608947754,0.48305606842041016,0.676123857498169,0.7122941017150879,Traffic:,402,395,380,380
Time:,0.700019121170044,1.093106985092163,2.3982458114624023,2.4229040145874023,Traffic:,638,611,601,601
Time:,0.7213160991668701,1.1138617992401123,2.437100887298584,2.465766191482544,Traffic:,70,70,70,70
Time:,1.2360692024230957,1.6366138458251953,3.55454683303833,3.609624147415161,Traffic:,339,218,200,200
Time:,1.3286693096160889,1.7282907962799072,3.6549718379974365,3.709540843963623,Traffic:,208,208,208,208
Time:,1.3785374164581299,1.778052568435669,3.7180306911468506,3.771182060241699,Traffic:,212,212,212,212
Time:,1.4204232692718506,1.8273696899414062,3.8075854778289795,3.8638622760772705,Traffic:,178,178,178,178
Time:,1.4463942050933838,1.8545918464660645,3.8653852939605713,3.9311892986297607,Traffic:,87,87,84,84
Time:,1.4944701194763184,1.9025897979736328,3.954612970352173,4.02977728843689,Traffic:,152,152,152,152


Time:,0.001748800277709961,0.0015840530395507812,0.0021729469299316406,0.0013549327850341797,Traffic:,11,11,11,11
Time:,0.00986790657043457,0.00963592529296875,0.010721206665039062,0.009058952331542969,Traffic:,37,37,37,37
Time:,0.03810906410217285,0.05462312698364258,0.06168627738952637,0.05978989601135254,Traffic:,86,72,62,62
Time:,0.0695497989654541,0.08940315246582031,0.11570596694946289,0.12436795234680176,Traffic:,137,110,110,110
Time:,0.09516763687133789,0.11410713195800781,0.15856695175170898,0.1702280044555664,Traffic:,101,101,101,101
Time:,0.11522865295410156,0.13614296913146973,0.19102692604064941,0.2027592658996582,Traffic:,84,84,84,84
Time:,0.1523125171661377,0.18207001686096191,0.2775580883026123,0.29523611068725586,Traffic:,146,146,140,140
Time:,0.28875136375427246,0.45323705673217773,0.6830410957336426,0.7284033298492432,Traffic:,416,395,389,389
Time:,0.7227334976196289,1.039072036743164,2.7163050174713135,2.8990561962127686,Traffic:,665,601,590,590
Time:,0.7434935569763184,1.0631721019744873,2.7531790733337402,2.9391822814941406,Traffic:,70,70,68,68
Time:,1.2774004936218262,1.7100279331207275,4.080171823501587,4.334381103515625,Traffic:,356,237,220,220
Time:,1.3866446018218994,1.821368932723999,4.198122978210449,4.455575942993164,Traffic:,189,189,189,189
Time:,1.4409914016723633,1.8813467025756836,4.274059057235718,4.5286009311676025,Traffic:,221,221,221,221
Time:,1.4905064105987549,1.9425978660583496,4.377312183380127,4.6361472606658936,Traffic:,163,163,163,163
Time:,1.5214502811431885,1.972494125366211,4.442384958267212,4.706088304519653,Traffic:,81,81,81,81
Time:,1.5804433822631836,2.0290942192077637,4.5754430294036865,4.850119352340698,Traffic:,171,171,171,171


Time:,0.0014748573303222656,0.0014641284942626953,0.0018367767333984375,0.001425027847290039,Traffic:,7,7,7,7
Time:,0.011745929718017578,0.012238264083862305,0.012703895568847656,0.011218070983886719,Traffic:,40,40,40,40
Time:,0.04883217811584473,0.06070303916931152,0.07135510444641113,0.07385039329528809,Traffic:,81,78,76,76
Time:,0.0872189998626709,0.1102442741394043,0.1381239891052246,0.14541840553283691,Traffic:,99,98,97,97
Time:,0.11802196502685547,0.14181232452392578,0.18395519256591797,0.19524431228637695,Traffic:,87,87,87,87
Time:,0.14042282104492188,0.1658780574798584,0.22172927856445312,0.23424220085144043,Traffic:,85,85,85,85
Time:,0.1858351230621338,0.21628808975219727,0.31943225860595703,0.3352344036102295,Traffic:,123,123,117,117
Time:,0.34779810905456543,0.5651681423187256,0.764106273651123,0.7486445903778076,Traffic:,398,391,377,377
Time:,0.7787082195281982,1.1633880138397217,2.557783365249634,2.358013391494751,Traffic:,672,633,607,606
Time:,0.7997503280639648,1.1874639987945557,2.595632314682007,2.398219347000122,Traffic:,77,77,74,74
Time:,1.3130114078521729,1.8007481098175049,3.5313191413879395,3.38000750541687,Traffic:,284,215,178,178
Time:,1.407790184020996,1.895456075668335,3.6337239742279053,3.479586362838745,Traffic:,192,192,192,192
Time:,1.45522141456604,1.9435162544250488,3.6962969303131104,3.5427322387695312,Traffic:,211,211,206,206
Time:,1.4988124370574951,1.9949543476104736,3.79107666015625,3.637516975402832,Traffic:,194,194,194,194
Time:,1.525317668914795,2.022489547729492,3.850417375564575,3.700709104537964,Traffic:,84,84,84,84
Time:,1.5734376907348633,2.0747785568237305,3.955430269241333,3.8100340366363525,Traffic:,218,218,203,203


Time:,0.0014591217041015625,0.0014259815216064453,0.0014488697052001953,0.0014672279357910156,Traffic:,9,9,9,9
Time:,0.010589122772216797,0.009077787399291992,0.009057998657226562,0.008701324462890625,Traffic:,49,49,49,49
Time:,0.04632401466369629,0.0464167594909668,0.04974722862243652,0.053171396255493164,Traffic:,62,53,50,50
Time:,0.08300399780273438,0.08665180206298828,0.1202852725982666,0.10055136680603027,Traffic:,125,67,67,67
Time:,0.11030793190002441,0.17565202713012695,0.1797010898590088,0.16736745834350586,Traffic:,111,111,111,111
Time:,0.14437413215637207,0.2012958526611328,0.20881891250610352,0.20069241523742676,Traffic:,49,49,49,49
Time:,0.18733906745910645,0.2488558292388916,0.29883384704589844,0.29252147674560547,Traffic:,128,128,128,127
Time:,0.31827306747436523,0.5210597515106201,0.6880569458007812,0.676781177520752,Traffic:,397,384,363,363
Time:,0.6807243824005127,1.0181057453155518,2.2594690322875977,2.3749990463256836,Traffic:,713,701,682,682
Time:,0.7005832195281982,1.0400876998901367,2.2989108562469482,2.4142611026763916,Traffic:,85,85,85,85
Time:,1.212697982788086,1.6243698596954346,3.423574924468994,3.572404384613037,Traffic:,331,222,210,209
Time:,1.3034842014312744,1.7097229957580566,3.5179638862609863,3.6692774295806885,Traffic:,178,178,178,178
Time:,1.3513991832733154,1.7592899799346924,3.578934907913208,3.7304906845092773,Traffic:,234,234,234,234
Time:,1.3954169750213623,1.808203935623169,3.6632869243621826,3.8219175338745117,Traffic:,174,174,174,174
Time:,1.4219551086425781,1.8344879150390625,3.713737964630127,3.874267578125,Traffic:,67,67,67,67
Time:,1.4699633121490479,1.8870460987091064,3.8069989681243896,3.977790594100952,Traffic:,163,163,155,155


Time:,0.00167083740234375,0.0016918182373046875,0.0014688968658447266,0.0016450881958007812,Traffic:,18,18,18,18
Time:,0.01026606559753418,0.00985407829284668,0.009553909301757812,0.01005411148071289,Traffic:,36,36,36,36
Time:,0.039022207260131836,0.0509033203125,0.05615878105163574,0.05730724334716797,Traffic:,67,59,59,59
Time:,0.07079935073852539,0.09706521034240723,0.1097116470336914,0.1233823299407959,Traffic:,149,140,128,128
Time:,0.09808039665222168,0.13468623161315918,0.16011953353881836,0.17572903633117676,Traffic:,100,100,100,100
Time:,0.11888647079467773,0.15575742721557617,0.1930994987487793,0.2123241424560547,Traffic:,71,71,71,71
Time:,0.15810132026672363,0.19919252395629883,0.28560638427734375,0.30733704566955566,Traffic:,145,145,142,142
Time:,0.29386234283447266,0.48277854919433594,0.6696844100952148,0.6876411437988281,Traffic:,427,399,397,397
Time:,0.653334379196167,1.0126724243164062,2.2289254665374756,2.3920681476593018,Traffic:,630,581,569,569
Time:,0.6750514507293701,1.0344734191894531,2.2732443809509277,2.4410290718078613,Traffic:,77,77,77,82
Time:,1.1937603950500488,1.5624172687530518,3.354365348815918,3.496047019958496,Traffic:,343,201,193,192
Time:,1.2808623313903809,1.6492993831634521,3.4532673358917236,3.5921058654785156,Traffic:,182,182,182,182
Time:,1.3499832153320312,1.7013685703277588,3.512425422668457,3.6556906700134277,Traffic:,207,207,207,207
Time:,1.3941609859466553,1.7621304988861084,3.60098934173584,3.7495064735412598,Traffic:,168,168,153,153
Time:,1.4212381839752197,1.7886524200439453,3.6509592533111572,3.803896427154541,Traffic:,87,87,81,81
Time:,1.4685311317443848,1.8341915607452393,3.7489922046661377,3.904728412628174,Traffic:,171,171,163,163


Time:,0.0015180110931396484,0.0015401840209960938,0.002643108367919922,0.0013439655303955078,Traffic:,4,4,4,4
Time:,0.010199308395385742,0.01034235954284668,0.01044607162475586,0.008703947067260742,Traffic:,54,54,54,54
Time:,0.038413286209106445,0.05375933647155762,0.05723714828491211,0.05600714683532715,Traffic:,73,65,52,52
Time:,0.07107734680175781,0.08878636360168457,0.1025090217590332,0.11135029792785645,Traffic:,124,80,80,80
Time:,0.0978851318359375,0.11620712280273438,0.1516709327697754,0.16090726852416992,Traffic:,96,96,96,96
Time:,0.11864614486694336,0.1366560459136963,0.19340896606445312,0.20136404037475586,Traffic:,81,81,81,81
Time:,0.1574108600616455,0.17927908897399902,0.27603888511657715,0.28518199920654297,Traffic:,117,117,117,117
Time:,0.2918128967285156,0.4739363193511963,0.672548770904541,0.6745080947875977,Traffic:,392,389,358,358
Time:,0.6516380310058594,1.0006933212280273,2.183239698410034,2.3359432220458984,Traffic:,681,646,615,614
Time:,0.6722078323364258,1.0218632221221924,2.2179055213928223,2.370378255844116,Traffic:,76,76,76,76
Time:,1.183302879333496,1.6898813247680664,3.182628870010376,3.421959400177002,Traffic:,341,231,186,187
Time:,1.2770979404449463,1.805896520614624,3.278700828552246,3.5177195072174072,Traffic:,186,186,186,186
Time:,1.3255667686462402,1.854926586151123,3.3390846252441406,3.5803565979003906,Traffic:,201,201,194,194
Time:,1.3709146976470947,1.9087929725646973,3.4320807456970215,3.6763174533843994,Traffic:,208,208,208,208
Time:,1.3973755836486816,1.9356358051300049,3.492494821548462,3.744605541229248,Traffic:,99,99,95,95
Time:,1.445072889328003,1.9874515533447266,3.5971667766571045,3.8551547527313232,Traffic:,185,185,179,179


Time:,0.0028710365295410156,0.0015058517456054688,0.0014548301696777344,0.0014810562133789062,Traffic:,6,6,6,6
Time:,0.011677026748657227,0.010827779769897461,0.009360790252685547,0.009279012680053711,Traffic:,31,31,31,31
Time:,0.04110908508300781,0.0466768741607666,0.0497899055480957,0.05221104621887207,Traffic:,54,47,47,47
Time:,0.07328104972839355,0.08936095237731934,0.09773588180541992,0.10220718383789062,Traffic:,119,104,104,104
Time:,0.10002899169921875,0.11595678329467773,0.14390897750854492,0.1488170623779297,Traffic:,95,95,95,95
Time:,0.12124395370483398,0.1365349292755127,0.1752300262451172,0.1842970848083496,Traffic:,76,76,76,76
Time:,0.15991711616516113,0.18324995040893555,0.2681112289428711,0.2787771224975586,Traffic:,146,146,144,144
Time:,0.2937130928039551,0.4686548709869385,0.6528363227844238,0.6670620441436768,Traffic:,397,367,367,367
Time:,0.6542222499847412,0.9181509017944336,2.1752772331237793,2.319885015487671,Traffic:,658,623,608,608
Time:,0.6763813495635986,0.9404928684234619,2.2091431617736816,2.3593220710754395,Traffic:,92,92,92,92
Time:,1.1901774406433105,1.5006699562072754,3.2150182723999023,3.3926000595092773,Traffic:,308,213,186,186
Time:,1.2820847034454346,1.5866811275482178,3.3133389949798584,3.4911201000213623,Traffic:,143,143,143,143
Time:,1.3299777507781982,1.6371734142303467,3.3750202655792236,3.554288148880005,Traffic:,210,210,208,208
Time:,1.3753857612609863,1.6884543895721436,3.465970277786255,3.6480891704559326,Traffic:,174,174,174,174
Time:,1.4017748832702637,1.71620774269104,3.535801410675049,3.7295641899108887,Traffic:,100,100,99,99
Time:,1.4501378536224365,1.7659056186676025,3.6175904273986816,3.8175761699676514,Traffic:,193,193,170,170


Time:,0.0015878677368164062,0.001550912857055664,0.0015299320220947266,0.0013530254364013672,Traffic:,18,18,18,18
Time:,0.010699987411499023,0.009990930557250977,0.009219884872436523,0.009694099426269531,Traffic:,34,34,34,34
Time:,0.0390779972076416,0.0516819953918457,0.05693197250366211,0.05695319175720215,Traffic:,80,65,65,65
Time:,0.0704038143157959,0.09735298156738281,0.11923503875732422,0.11325335502624512,Traffic:,120,122,113,113
Time:,0.09571170806884766,0.12196111679077148,0.1624586582183838,0.16008734703063965,Traffic:,86,86,86,86
Time:,0.11599254608154297,0.141862154006958,0.1911637783050537,0.19520163536071777,Traffic:,69,69,69,69
Time:,0.15454363822937012,0.18164396286010742,0.2767527103424072,0.28412461280822754,Traffic:,136,136,133,133
Time:,0.2951164245605469,0.46719884872436523,0.6392395496368408,0.6543684005737305,Traffic:,429,404,404,404
Time:,0.6558473110198975,1.1260356903076172,2.400618314743042,2.473536491394043,Traffic:,703,668,604,604
Time:,0.6770131587982178,1.148432731628418,2.4473111629486084,2.5200765132904053,Traffic:,87,87,84,84
Time:,1.1927940845489502,1.7455077171325684,3.4862372875213623,3.5494494438171387,Traffic:,329,224,194,194
Time:,1.2844977378845215,1.8379905223846436,3.587240219116211,3.649275302886963,Traffic:,188,188,188,188
Time:,1.3336527347564697,1.8862812519073486,3.6473004817962646,3.7107622623443604,Traffic:,188,188,188,188
Time:,1.3778445720672607,1.9462270736694336,3.7369284629821777,3.8049042224884033,Traffic:,166,166,155,155
Time:,1.404625415802002,1.9743728637695312,3.8013036251068115,3.8796303272247314,Traffic:,120,120,120,120
Time:,1.453944206237793,2.0252487659454346,3.882777690887451,3.9669835567474365,Traffic:,207,207,178,178


Time:,0.001705169677734375,0.001547098159790039,0.0014181137084960938,0.001302957534790039,Traffic:,15,15,15,15
Time:,0.01025533676147461,0.009974002838134766,0.009684085845947266,0.00874018669128418,Traffic:,45,45,45,45
Time:,0.04321432113647461,0.04562878608703613,0.06100726127624512,0.0614011287689209,Traffic:,85,78,78,78
Time:,0.07529830932617188,0.08832383155822754,0.10840511322021484,0.11011695861816406,Traffic:,123,94,91,91
Time:,0.1004493236541748,0.1154029369354248,0.15285801887512207,0.15607714653015137,Traffic:,103,103,103,103
Time:,0.12156128883361816,0.13663005828857422,0.19049906730651855,0.20160317420959473,Traffic:,74,74,74,74
Time:,0.16037344932556152,0.17653393745422363,0.2616710662841797,0.28541016578674316,Traffic:,112,112,109,109
Time:,0.29648566246032715,0.47301411628723145,0.6515059471130371,0.6624572277069092,Traffic:,433,402,402,402
Time:,0.6498925685882568,1.095116138458252,2.171311855316162,2.3942713737487793,Traffic:,707,617,598,598
Time:,0.6726534366607666,1.1189215183258057,2.212641716003418,2.4419565200805664,Traffic:,63,63,57,57
Time:,1.222412347793579,1.702324628829956,3.5225343704223633,3.869048833847046,Traffic:,390,254,229,228
Time:,1.3338823318481445,1.80356764793396,3.6331233978271484,3.968712568283081,Traffic:,186,186,186,186
Time:,1.3923132419586182,1.8531429767608643,3.702730417251587,4.030737400054932,Traffic:,199,199,192,192
Time:,1.4363222122192383,1.905017614364624,3.8064804077148438,4.135015487670898,Traffic:,164,164,164,164
Time:,1.4637410640716553,1.9340898990631104,3.8924994468688965,4.233644485473633,Traffic:,102,102,102,102
Time:,1.5299162864685059,2.034493923187256,4.055755615234375,4.361448287963867,Traffic:,181,181,173,173


Time:,0.001744985580444336,0.0015249252319335938,0.0017468929290771484,0.0013298988342285156,Traffic:,4,4,4,4
Time:,0.011285781860351562,0.009921789169311523,0.009549140930175781,0.009448766708374023,Traffic:,44,44,44,44
Time:,0.0465397834777832,0.05507159233093262,0.06167101860046387,0.06778264045715332,Traffic:,72,72,66,67
Time:,0.08162689208984375,0.09613585472106934,0.11577510833740234,0.12370586395263672,Traffic:,138,101,101,101
Time:,0.11060285568237305,0.1241006851196289,0.16933512687683105,0.17384815216064453,Traffic:,92,92,92,92
Time:,0.13246703147888184,0.14511775970458984,0.20291399955749512,0.20635223388671875,Traffic:,61,61,61,61
Time:,0.17155122756958008,0.18772387504577637,0.29181623458862305,0.2996830940246582,Traffic:,145,145,137,137
Time:,0.3109562397003174,0.4974508285522461,0.7134690284729004,0.7123970985412598,Traffic:,429,414,392,392
Time:,0.679227352142334,1.0010759830474854,2.3652572631835938,2.4248390197753906,Traffic:,713,634,608,608
Time:,0.7019913196563721,1.024143934249878,2.4163923263549805,2.4753828048706055,Traffic:,83,83,83,83
Time:,1.22859525680542,1.543778896331787,3.2842624187469482,3.4323108196258545,Traffic:,341,190,160,157
Time:,1.3261232376098633,1.6404259204864502,3.383777618408203,3.5316720008850098,Traffic:,213,213,213,213
Time:,1.3746509552001953,1.6900999546051025,3.440680503845215,3.5910000801086426,Traffic:,182,182,182,182
Time:,1.4204459190368652,1.7541828155517578,3.5363314151763916,3.6856460571289062,Traffic:,220,220,209,209
Time:,1.4490997791290283,1.7830109596252441,3.6010494232177734,3.7622132301330566,Traffic:,122,122,115,115
Time:,1.5004136562347412,1.8392560482025146,3.707339286804199,3.8719072341918945,Traffic:,194,194,180,180


Time:,0.0019059181213378906,0.0016589164733886719,0.001499176025390625,0.0013289451599121094,Traffic:,18,18,18,18
Time:,0.011535167694091797,0.011343955993652344,0.009946346282958984,0.010931730270385742,Traffic:,48,48,48,48
Time:,0.0452122688293457,0.058873891830444336,0.05841422080993652,0.06771159172058105,Traffic:,68,65,53,53
Time:,0.08041810989379883,0.09145212173461914,0.09676051139831543,0.10895752906799316,Traffic:,105,60,60,60
Time:,0.10734200477600098,0.11798524856567383,0.14366769790649414,0.15610027313232422,Traffic:,102,102,102,102
Time:,0.1291370391845703,0.1380612850189209,0.17072153091430664,0.18836212158203125,Traffic:,52,52,52,52
Time:,0.16836309432983398,0.1809701919555664,0.26012253761291504,0.2890284061431885,Traffic:,153,153,150,150
Time:,0.32842397689819336,0.5258572101593018,0.6866858005523682,0.7185451984405518,Traffic:,426,397,390,390
Time:,0.7084488868713379,1.1814792156219482,2.535719871520996,2.5377421379089355,Traffic:,700,653,634,633
Time:,0.7291901111602783,1.2032053470611572,2.5709168910980225,2.5761630535125732,Traffic:,84,76,76,76
Time:,1.2574760913848877,1.9743664264678955,3.788292169570923,3.786314010620117,Traffic:,380,257,203,202
Time:,1.3528010845184326,2.0694785118103027,3.8878703117370605,3.887190103530884,Traffic:,226,226,226,226
Time:,1.402562141418457,2.12101149559021,3.9484431743621826,3.9499921798706055,Traffic:,203,203,203,203
Time:,1.447314977645874,2.172954797744751,4.04138708114624,4.04561710357666,Traffic:,165,165,141,141
Time:,1.4731879234313965,2.2000646591186523,4.1103339195251465,4.119235992431641,Traffic:,108,108,105,105
Time:,1.5231399536132812,2.254488706588745,4.200544595718384,4.216361045837402,Traffic:,180,180,160,160


Time:,0.0014340877532958984,0.0014007091522216797,0.0020291805267333984,0.0014739036560058594,Traffic:,6,6,6,6
Time:,0.010810136795043945,0.00979471206665039,0.00958704948425293,0.009650945663452148,Traffic:,47,47,47,47
Time:,0.04240727424621582,0.049959421157836914,0.054780006408691406,0.05837702751159668,Traffic:,52,52,52,51
Time:,0.07687139511108398,0.09401440620422363,0.10680699348449707,0.11033916473388672,Traffic:,136,122,116,116
Time:,0.10279440879821777,0.11921834945678711,0.15769600868225098,0.16207528114318848,Traffic:,104,104,104,104
Time:,0.12171554565429688,0.14026522636413574,0.19125819206237793,0.1987771987915039,Traffic:,71,71,71,71
Time:,0.16088342666625977,0.18515920639038086,0.28278231620788574,0.2882263660430908,Traffic:,131,131,131,131
Time:,0.29545021057128906,0.4891190528869629,0.6650164127349854,0.6726224422454834,Traffic:,441,400,400,400
Time:,0.664027214050293,1.1820480823516846,2.3659706115722656,2.4339375495910645,Traffic:,731,688,644,644
Time:,0.6844704151153564,1.2105660438537598,2.4099698066711426,2.481323719024658,Traffic:,84,84,79,79
Time:,1.2104573249816895,1.7250828742980957,3.5294699668884277,3.576547622680664,Traffic:,370,232,188,190
Time:,1.3054654598236084,1.8202807903289795,3.635859966278076,3.6769356727600098,Traffic:,198,198,198,198
Time:,1.353027582168579,1.8701069355010986,3.6921889781951904,3.7389845848083496,Traffic:,202,202,201,201
Time:,1.4016644954681396,1.933506965637207,3.7890827655792236,3.832636594772339,Traffic:,198,198,185,185
Time:,1.428706407546997,1.9616711139678955,3.8423757553100586,3.8890416622161865,Traffic:,91,91,91,91
Time:,1.478238582611084,2.009514093399048,3.9372994899749756,3.9905173778533936,Traffic:,172,172,172,172


Time:,0.0014142990112304688,0.001486063003540039,0.0014312267303466797,0.0013580322265625,Traffic:,10,10,10,10
Time:,0.01049351692199707,0.010074138641357422,0.010599374771118164,0.009782075881958008,Traffic:,47,47,47,47
Time:,0.04490351676940918,0.05550098419189453,0.06029939651489258,0.0622868537902832,Traffic:,76,71,64,67
Time:,0.08020734786987305,0.10391592979431152,0.11398553848266602,0.11436772346496582,Traffic:,122,98,98,98
Time:,0.10722017288208008,0.12935376167297363,0.15532326698303223,0.15774178504943848,Traffic:,110,110,110,110
Time:,0.12578105926513672,0.15274977684020996,0.18540120124816895,0.1885068416595459,Traffic:,59,59,59,59
Time:,0.1644580364227295,0.19848990440368652,0.27376317977905273,0.281235933303833,Traffic:,129,129,120,120
Time:,0.30516719818115234,0.5043249130249023,0.6642739772796631,0.6735899448394775,Traffic:,428,414,402,401
Time:,0.6812140941619873,1.045440673828125,2.298232078552246,2.411252021789551,Traffic:,693,667,639,639
Time:,0.7024803161621094,1.0701417922973633,2.337585210800171,2.4523227214813232,Traffic:,87,87,82,82
Time:,1.2323110103607178,1.7737979888916016,3.651860237121582,3.7316207885742188,Traffic:,347,267,234,234
Time:,1.3252630233764648,1.8597419261932373,3.7531323432922363,3.833056926727295,Traffic:,199,199,199,199
Time:,1.373979091644287,1.9107739925384521,3.8165273666381836,3.8962841033935547,Traffic:,232,232,232,232
Time:,1.4174273014068604,1.9580459594726562,3.9070193767547607,3.991032123565674,Traffic:,154,154,154,154
Time:,1.4443464279174805,1.9843111038208008,3.974370002746582,4.07699990272522,Traffic:,106,106,101,101
Time:,1.4917504787445068,2.0351510047912598,4.087066650390625,4.19284462928772,Traffic:,191,191,191,191


Time:,0.0016748905181884766,0.002045869827270508,0.0014591217041015625,0.001421213150024414,Traffic:,21,21,21,21
Time:,0.009972095489501953,0.010059833526611328,0.008793115615844727,0.01040506362915039,Traffic:,30,30,30,30
Time:,0.04434323310852051,0.052339792251586914,0.05450606346130371,0.05649518966674805,Traffic:,76,68,59,59
Time:,0.07801008224487305,0.0894627571105957,0.10337114334106445,0.10658836364746094,Traffic:,111,90,90,90
Time:,0.1042790412902832,0.11441469192504883,0.15030527114868164,0.15654635429382324,Traffic:,104,104,104,104
Time:,0.12532401084899902,0.13569068908691406,0.18128705024719238,0.18859028816223145,Traffic:,77,77,77,77
Time:,0.16446495056152344,0.17598867416381836,0.26425814628601074,0.27733945846557617,Traffic:,116,116,116,116
Time:,0.3264951705932617,0.4509158134460449,0.6549191474914551,0.6610713005065918,Traffic:,365,356,352,351
Time:,0.7032380104064941,0.9481790065765381,2.263353109359741,2.3978371620178223,Traffic:,699,637,592,592
Time:,0.7239952087402344,0.9701998233795166,2.3036952018737793,2.439573049545288,Traffic:,85,85,84,84
Time:,1.2532322406768799,1.638535737991333,3.382786989212036,3.639112949371338,Traffic:,341,236,212,212
Time:,1.3463032245635986,1.7318446636199951,3.486370086669922,3.739696741104126,Traffic:,185,185,185,185
Time:,1.3962740898132324,1.7830686569213867,3.5465219020843506,3.80483078956604,Traffic:,212,212,211,211
Time:,1.4425041675567627,1.8331875801086426,3.637660026550293,3.899237871170044,Traffic:,146,146,146,146
Time:,1.469759225845337,1.861879587173462,3.699214220046997,3.967061996459961,Traffic:,125,125,121,121
Time:,1.515754222869873,1.9126667976379395,3.793826103210449,4.074566841125488,Traffic:,175,175,155,155


Time:,0.0018939971923828125,0.0015189647674560547,0.001386880874633789,0.0014209747314453125,Traffic:,4,4,4,4
Time:,0.010231971740722656,0.010179996490478516,0.008813858032226562,0.00950002670288086,Traffic:,54,54,54,54
Time:,0.04427790641784668,0.04563403129577637,0.0569758415222168,0.0630650520324707,Traffic:,72,66,66,66
Time:,0.07794380187988281,0.09088611602783203,0.10895276069641113,0.1161041259765625,Traffic:,119,99,92,92
Time:,0.10269594192504883,0.12356233596801758,0.15571856498718262,0.16730499267578125,Traffic:,97,97,91,91
Time:,0.12217283248901367,0.14453840255737305,0.1864914894104004,0.20061802864074707,Traffic:,64,64,64,64
Time:,0.1629328727722168,0.18422245979309082,0.2731947898864746,0.28778862953186035,Traffic:,146,146,146,146
Time:,0.30097293853759766,0.47736358642578125,0.6688506603240967,0.680579662322998,Traffic:,431,390,387,390
Time:,0.674760103225708,1.1464405059814453,2.414287805557251,2.4530274868011475,Traffic:,651,654,618,618
Time:,0.6967971324920654,1.1701445579528809,2.4512157440185547,2.494135618209839,Traffic:,69,69,69,69
Time:,1.226341962814331,1.7787044048309326,3.5095298290252686,3.5648934841156006,Traffic:,393,269,208,209
Time:,1.3169658184051514,1.8722732067108154,3.611757755279541,3.66465163230896,Traffic:,207,207,207,207
Time:,1.36578369140625,1.9226853847503662,3.6726908683776855,3.729642868041992,Traffic:,228,228,221,221
Time:,1.411219835281372,1.9724202156066895,3.7653167247772217,3.823504686355591,Traffic:,182,182,182,182
Time:,1.4389958381652832,2.0009353160858154,3.814321756362915,3.8771286010742188,Traffic:,86,86,84,84
Time:,1.4874670505523682,2.0529935359954834,3.9165589809417725,3.9870855808258057,Traffic:,169,169,161,161


Time:,0.0019152164459228516,0.00156402587890625,0.0015010833740234375,0.0013229846954345703,Traffic:,16,16,16,16
Time:,0.01054525375366211,0.010128974914550781,0.009330987930297852,0.009556055068969727,Traffic:,43,43,43,43
Time:,0.04408454895019531,0.04839324951171875,0.054672956466674805,0.05625295639038086,Traffic:,55,55,55,55
Time:,0.07770347595214844,0.08238720893859863,0.10232973098754883,0.10307884216308594,Traffic:,135,105,105,104
Time:,0.10329532623291016,0.10859823226928711,0.15313076972961426,0.1517040729522705,Traffic:,98,98,98,98
Time:,0.1219644546508789,0.12792611122131348,0.18032097816467285,0.18117594718933105,Traffic:,52,52,52,52
Time:,0.1596965789794922,0.17296409606933594,0.28095388412475586,0.28902697563171387,Traffic:,112,112,112,111
Time:,0.3074955940246582,0.4789860248565674,0.7271130084991455,0.7219367027282715,Traffic:,405,378,378,377
Time:,0.7473235130310059,0.9812760353088379,2.3320939540863037,2.898404836654663,Traffic:,659,628,588,588
Time:,0.7828414440155029,1.0085599422454834,2.382652997970581,2.962815761566162,Traffic:,79,79,76,76
Time:,1.4318077564239502,1.5780587196350098,3.7714130878448486,4.379195690155029,Traffic:,333,210,192,192
Time:,1.5536117553710938,1.6942505836486816,3.9057869911193848,4.522192001342773,Traffic:,199,199,199,199
Time:,1.6208045482635498,1.7553696632385254,3.982901096343994,4.609315872192383,Traffic:,184,184,184,184
Time:,1.68546462059021,1.862424612045288,4.1078200340271,4.727298736572266,Traffic:,184,184,180,180
Time:,1.7170863151550293,1.8964998722076416,4.177223205566406,4.807211637496948,Traffic:,88,88,88,88
Time:,1.7778241634368896,1.9574110507965088,4.302439212799072,4.93403172492981,Traffic:,166,166,166,166


Time:,0.001859903335571289,0.0015568733215332031,0.0014050006866455078,0.0013272762298583984,Traffic:,5,5,5,5
Time:,0.012676000595092773,0.010551929473876953,0.010418176651000977,0.010405302047729492,Traffic:,50,50,50,50
Time:,0.04874777793884277,0.06515288352966309,0.07465219497680664,0.0737302303314209,Traffic:,67,67,65,64
Time:,0.08774900436401367,0.11543083190917969,0.12891840934753418,0.12950611114501953,Traffic:,126,118,109,109
Time:,0.11518120765686035,0.15047383308410645,0.18000435829162598,0.1872870922088623,Traffic:,104,104,104,104
Time:,0.14107441902160645,0.17469477653503418,0.2139134407043457,0.21996116638183594,Traffic:,78,78,78,78
Time:,0.18123745918273926,0.2145557403564453,0.30297350883483887,0.3114962577819824,Traffic:,142,142,136,136
Time:,0.31677842140197754,0.5049448013305664,0.6838424205780029,0.7024483680725098,Traffic:,447,432,413,413
Time:,0.6744234561920166,0.9414806365966797,2.3256642818450928,2.483180284500122,Traffic:,567,559,545,546
Time:,0.6957573890686035,0.9714095592498779,2.379916191101074,2.5329391956329346,Traffic:,98,98,93,93
Time:,1.231473445892334,1.6288084983825684,3.510479211807251,3.7662792205810547,Traffic:,332,221,212,213
Time:,1.3234994411468506,1.7188704013824463,3.6107120513916016,3.868021011352539,Traffic:,208,208,208,208
Time:,1.3737635612487793,1.7686042785644531,3.6716108322143555,3.928995132446289,Traffic:,180,180,180,180
Time:,1.4168355464935303,1.8211853504180908,3.7677016258239746,4.024749994277954,Traffic:,176,176,176,176
Time:,1.4465396404266357,1.8481073379516602,3.822875499725342,4.089789152145386,Traffic:,103,103,96,96
Time:,1.4949185848236084,1.9138903617858887,3.9486124515533447,4.220935821533203,Traffic:,155,155,152,152


Time:,0.00185394287109375,0.0015060901641845703,0.001361846923828125,0.002070903778076172,Traffic:,14,14,14,14
Time:,0.01176309585571289,0.012144804000854492,0.010557889938354492,0.01237797737121582,Traffic:,40,40,40,40
Time:,0.050411224365234375,0.05350804328918457,0.06191897392272949,0.07085895538330078,Traffic:,58,58,56,56
Time:,0.08848404884338379,0.1102292537689209,0.13156771659851074,0.14182281494140625,Traffic:,114,110,110,113
Time:,0.12243413925170898,0.1523134708404541,0.1923363208770752,0.2001199722290039,Traffic:,110,110,110,110
Time:,0.14551711082458496,0.1766204833984375,0.229966402053833,0.23912787437438965,Traffic:,63,63,63,63
Time:,0.19398808479309082,0.2319643497467041,0.33558130264282227,0.34276270866394043,Traffic:,132,132,132,132
Time:,0.3533768653869629,0.5949633121490479,0.8195762634277344,0.8384556770324707,Traffic:,448,426,415,415
Time:,0.783207893371582,1.47617506980896,3.1384224891662598,2.8114476203918457,Traffic:,732,677,640,640
Time:,0.8044979572296143,1.4971160888671875,3.175950527191162,2.8511695861816406,Traffic:,76,76,76,76
Time:,1.3211050033569336,2.1898112297058105,4.313035488128662,4.008136510848999,Traffic:,356,270,190,190
Time:,1.4126660823822021,2.2848033905029297,4.413347482681274,4.107884645462036,Traffic:,184,184,184,184
Time:,1.4620120525360107,2.3367252349853516,4.473489284515381,4.16930365562439,Traffic:,180,180,178,178
Time:,1.50539231300354,2.3868250846862793,4.566441297531128,4.26287055015564,Traffic:,149,149,149,149
Time:,1.5325212478637695,2.413109064102173,4.621458530426025,4.329966306686401,Traffic:,113,113,113,113
Time:,1.5807721614837646,2.461885929107666,4.715250492095947,4.427663326263428,Traffic:,179,179,179,179


Time:,0.0015299320220947266,0.0015099048614501953,0.002035856246948242,0.0013158321380615234,Traffic:,7,7,7,7
Time:,0.010573863983154297,0.009805917739868164,0.010107755661010742,0.009293794631958008,Traffic:,37,37,37,37
Time:,0.044881582260131836,0.049510955810546875,0.05521678924560547,0.058844566345214844,Traffic:,55,55,55,55
Time:,0.07816743850708008,0.08217692375183105,0.08878684043884277,0.09508228302001953,Traffic:,137,70,60,60
Time:,0.10406827926635742,0.10777997970581055,0.13602209091186523,0.1424713134765625,Traffic:,89,89,88,88
Time:,0.12480306625366211,0.12916207313537598,0.1681671142578125,0.17795634269714355,Traffic:,81,81,81,81
Time:,0.1649463176727295,0.17306208610534668,0.26099324226379395,0.27118539810180664,Traffic:,166,166,160,160
Time:,0.2992560863494873,0.4722137451171875,0.6432223320007324,0.6542205810546875,Traffic:,413,402,385,385
Time:,0.6649379730224609,1.0365958213806152,2.3661231994628906,2.4675064086914062,Traffic:,739,665,650,652
Time:,0.686671257019043,1.059964656829834,2.4121110439300537,2.5157275199890137,Traffic:,63,63,61,61
Time:,1.1975862979888916,1.5381815433502197,3.4832961559295654,3.654134511947632,Traffic:,334,221,206,208
Time:,1.2908072471618652,1.6264846324920654,3.5827322006225586,3.766559600830078,Traffic:,211,211,211,211
Time:,1.3393492698669434,1.6746766567230225,3.6437370777130127,3.82861065864563,Traffic:,244,244,241,241
Time:,1.3828792572021484,1.7340843677520752,3.738111972808838,3.9222257137298584,Traffic:,174,152,152,152
Time:,1.4102413654327393,1.7614424228668213,3.7859110832214355,3.974151849746704,Traffic:,88,88,88,88
Time:,1.459815502166748,1.81065034866333,3.8731770515441895,4.075908899307251,Traffic:,183,183,169,169


Time:,0.0015590190887451172,0.001851797103881836,0.0013878345489501953,0.0013289451599121094,Traffic:,9,9,9,9
Time:,0.009391069412231445,0.009920835494995117,0.00872182846069336,0.010199785232543945,Traffic:,55,55,55,55
Time:,0.04307198524475098,0.047702789306640625,0.05752897262573242,0.058859825134277344,Traffic:,62,59,54,54
Time:,0.07665038108825684,0.09140491485595703,0.11689400672912598,0.11863064765930176,Traffic:,133,131,116,116
Time:,0.10110235214233398,0.1158909797668457,0.16091299057006836,0.1644294261932373,Traffic:,82,82,82,82
Time:,0.12082624435424805,0.1400609016418457,0.19328093528747559,0.20092558860778809,Traffic:,78,78,78,78
Time:,0.1603691577911377,0.18448996543884277,0.27123355865478516,0.28533077239990234,Traffic:,143,133,125,125
Time:,0.29498887062072754,0.4799768924713135,0.6377127170562744,0.6529827117919922,Traffic:,451,409,405,405
Time:,0.654371976852417,1.0099737644195557,2.0967915058135986,2.196087598800659,Traffic:,675,633,594,595
Time:,0.6739037036895752,1.03165864944458,2.137991428375244,2.2388296127319336,Traffic:,81,81,81,81
Time:,1.1916248798370361,1.6432435512542725,3.3440582752227783,3.433316707611084,Traffic:,354,257,224,224
Time:,1.2842779159545898,1.733278512954712,3.443007230758667,3.5336787700653076,Traffic:,187,187,187,187
Time:,1.3324377536773682,1.7833285331726074,3.5000534057617188,3.594782829284668,Traffic:,178,178,178,178
Time:,1.3769047260284424,1.8336906433105469,3.5931081771850586,3.6897449493408203,Traffic:,179,179,179,179
Time:,1.4038989543914795,1.8597965240478516,3.647735357284546,3.7581121921539307,Traffic:,105,105,105,105
Time:,1.4532129764556885,1.9092543125152588,3.7352843284606934,3.8513522148132324,Traffic:,206,206,185,185


Time:,0.0016870498657226562,0.0015521049499511719,0.0015330314636230469,0.0014142990112304688,Traffic:,13,13,13,13
Time:,0.010786056518554688,0.009727001190185547,0.008842229843139648,0.009914398193359375,Traffic:,42,42,42,42
Time:,0.04430818557739258,0.04876589775085449,0.05442309379577637,0.05621933937072754,Traffic:,79,74,67,67
Time:,0.07756304740905762,0.09170675277709961,0.10711908340454102,0.1108243465423584,Traffic:,107,102,99,99
Time:,0.10400390625,0.1200416088104248,0.1576249599456787,0.16055941581726074,Traffic:,102,102,100,100
Time:,0.12485098838806152,0.14116358757019043,0.18775296211242676,0.19260239601135254,Traffic:,71,71,71,71
Time:,0.16364598274230957,0.1905815601348877,0.2757291793823242,0.285982608795166,Traffic:,157,157,149,149
Time:,0.2970137596130371,0.4465956687927246,0.660771369934082,0.6723675727844238,Traffic:,402,371,366,367
Time:,0.6568279266357422,0.9492628574371338,2.272200345993042,2.3339686393737793,Traffic:,691,608,601,601
Time:,0.678520917892456,0.9753129482269287,2.3166306018829346,2.381068468093872,Traffic:,105,105,104,104
Time:,1.1915454864501953,1.5520637035369873,3.6395103931427,3.724029541015625,Traffic:,307,223,199,197
Time:,1.293668508529663,1.6458258628845215,3.743394374847412,3.823798418045044,Traffic:,216,216,216,216
Time:,1.3514244556427002,1.6969518661499023,3.802354097366333,3.8872344493865967,Traffic:,201,201,192,192
Time:,1.3969194889068604,1.7482528686523438,3.890040397644043,3.9794204235076904,Traffic:,187,187,178,178
Time:,1.4242193698883057,1.7753398418426514,3.939770221710205,4.034967422485352,Traffic:,107,107,100,100
Time:,1.4702203273773193,1.8264060020446777,4.026005268096924,4.132891416549683,Traffic:,160,160,160,160


Time:,0.0025010108947753906,0.0014579296112060547,0.0013186931610107422,0.0019779205322265625,Traffic:,11,11,11,11
Time:,0.010540962219238281,0.00982213020324707,0.008701562881469727,0.009528875350952148,Traffic:,41,41,41,41
Time:,0.043875694274902344,0.05655026435852051,0.058107614517211914,0.06059002876281738,Traffic:,81,66,57,57
Time:,0.07934951782226562,0.09040617942810059,0.10758757591247559,0.1123969554901123,Traffic:,139,104,104,104
Time:,0.10471248626708984,0.11659026145935059,0.15068578720092773,0.15641212463378906,Traffic:,96,96,96,96
Time:,0.12322640419006348,0.13571810722351074,0.17890095710754395,0.1886911392211914,Traffic:,63,63,63,63
Time:,0.16286444664001465,0.18079805374145508,0.26985979080200195,0.28113508224487305,Traffic:,149,149,147,147
Time:,0.30224061012268066,0.36272406578063965,0.6341238021850586,0.6512370109558105,Traffic:,374,322,322,324
Time:,0.6705756187438965,0.9835629463195801,2.0597050189971924,2.543825149536133,Traffic:,630,596,568,568
Time:,0.6949138641357422,1.0094151496887207,2.1057519912719727,2.588017225265503,Traffic:,83,83,83,83
Time:,1.342996597290039,1.7176852226257324,3.2612099647521973,3.9872491359710693,Traffic:,304,226,172,175
Time:,1.4616427421569824,1.8559951782226562,3.427020311355591,4.158272981643677,Traffic:,212,212,212,212
Time:,1.5368857383728027,1.9078071117401123,3.4898765087127686,4.225270986557007,Traffic:,239,239,233,233
Time:,1.5865178108215332,1.9644410610198975,3.5808956623077393,4.317917823791504,Traffic:,166,166,166,166
Time:,1.6145367622375488,1.9941167831420898,3.6511006355285645,4.399768114089966,Traffic:,116,106,106,106
Time:,1.6668117046356201,2.0471365451812744,3.7437937259674072,4.4976441860198975,Traffic:,179,179,165,165


Time:,0.001867055892944336,0.0014903545379638672,0.0014870166778564453,0.0015380382537841797,Traffic:,17,17,17,17
Time:,0.01253819465637207,0.012319326400756836,0.010476112365722656,0.010967016220092773,Traffic:,31,31,31,31
Time:,0.046416282653808594,0.052076101303100586,0.059403181076049805,0.062417030334472656,Traffic:,61,61,61,61
Time:,0.08371114730834961,0.10146141052246094,0.12372922897338867,0.1290881633758545,Traffic:,129,116,112,112
Time:,0.10891032218933105,0.12754344940185547,0.17017912864685059,0.17536640167236328,Traffic:,87,87,87,87
Time:,0.12984633445739746,0.1504664421081543,0.2014148235321045,0.2082374095916748,Traffic:,82,82,82,82
Time:,0.172027587890625,0.19744038581848145,0.29228901863098145,0.3012814521789551,Traffic:,155,155,155,155
Time:,0.3073396682739258,0.4499504566192627,0.6755540370941162,0.6878745555877686,Traffic:,401,390,379,378
Time:,0.6752364635467529,1.072028398513794,3.046506881713867,2.5742413997650146,Traffic:,652,636,612,612
Time:,0.6980955600738525,1.093712568283081,3.0845069885253906,2.623875141143799,Traffic:,64,64,64,64
Time:,1.217010736465454,1.5372912883758545,4.000842094421387,3.6991209983825684,Traffic:,312,196,189,188
Time:,1.318368911743164,1.654508352279663,4.125722169876099,3.8258566856384277,Traffic:,227,227,227,227
Time:,1.3806099891662598,1.7055952548980713,4.192974090576172,3.891012668609619,Traffic:,217,217,217,217
Time:,1.4282679557800293,1.7602810859680176,4.29067325592041,3.9985573291778564,Traffic:,162,162,157,157
Time:,1.4590928554534912,1.7908978462219238,4.352894306182861,4.07034707069397,Traffic:,99,99,99,99
Time:,1.555048942565918,1.8527357578277588,4.467111110687256,4.22365403175354,Traffic:,171,171,165,165


Time:,0.0030770301818847656,0.0019519329071044922,0.0015490055084228516,0.0016758441925048828,Traffic:,16,16,16,16
Time:,0.013263940811157227,0.011098861694335938,0.01043701171875,0.010931730270385742,Traffic:,55,55,55,55
Time:,0.048732757568359375,0.060222625732421875,0.0672309398651123,0.06831884384155273,Traffic:,69,68,60,60
Time:,0.0854337215423584,0.1130826473236084,0.12761998176574707,0.13181591033935547,Traffic:,109,103,103,103
Time:,0.11308073997497559,0.15715241432189941,0.18151426315307617,0.18805813789367676,Traffic:,91,91,83,83
Time:,0.1349015235900879,0.1841752529144287,0.21775531768798828,0.21966123580932617,Traffic:,85,85,85,85
Time:,0.17727971076965332,0.22465229034423828,0.29808807373046875,0.31852126121520996,Traffic:,118,118,116,116
Time:,0.3151977062225342,0.49705028533935547,0.6879260540008545,0.7211542129516602,Traffic:,407,381,376,377
Time:,0.728724479675293,0.9894342422485352,2.2759599685668945,2.38130521774292,Traffic:,658,615,584,584
Time:,0.7499926090240479,1.013038158416748,2.3134279251098633,2.423207998275757,Traffic:,72,72,68,68
Time:,1.2704317569732666,1.6030802726745605,3.5687732696533203,3.9815590381622314,Traffic:,280,230,216,216
Time:,1.3627879619598389,1.698209524154663,3.670197010040283,4.0847389698028564,Traffic:,192,192,192,192
Time:,1.4120421409606934,1.7469394207000732,3.732733964920044,4.150095701217651,Traffic:,184,184,184,184
Time:,1.4549520015716553,1.8048734664916992,3.8228790760040283,4.24471378326416,Traffic:,179,141,141,141
Time:,1.4820401668548584,1.8315505981445312,3.8785438537597656,4.311125755310059,Traffic:,112,112,108,108
Time:,1.5300700664520264,1.8847196102142334,3.9833426475524902,4.427473783493042,Traffic:,196,196,181,181


Time:,0.0015292167663574219,0.0016369819641113281,0.0014801025390625,0.0015349388122558594,Traffic:,3,3,3,3
Time:,0.011024236679077148,0.008948087692260742,0.00869894027709961,0.009219884872436523,Traffic:,35,35,35,35
Time:,0.04591727256774902,0.04936504364013672,0.05673360824584961,0.05701470375061035,Traffic:,60,60,55,55
Time:,0.07926416397094727,0.08422708511352539,0.10933780670166016,0.10889673233032227,Traffic:,152,124,124,124
Time:,0.10436320304870605,0.1089630126953125,0.16050052642822266,0.15850090980529785,Traffic:,74,74,74,74
Time:,0.12419342994689941,0.12822604179382324,0.19245171546936035,0.19011282920837402,Traffic:,67,67,67,67
Time:,0.16440629959106445,0.16831302642822266,0.27247190475463867,0.27600669860839844,Traffic:,143,143,137,137
Time:,0.30078816413879395,0.46074581146240234,0.735245943069458,0.6496016979217529,Traffic:,431,403,403,403
Time:,0.6532611846923828,1.0121095180511475,2.3646748065948486,2.3466057777404785,Traffic:,672,642,619,618
Time:,0.6739389896392822,1.0326025485992432,2.3978748321533203,2.389763832092285,Traffic:,64,64,64,64
Time:,1.1896698474884033,1.4995646476745605,3.44512677192688,3.4519238471984863,Traffic:,297,188,180,178
Time:,1.2801618576049805,1.597454309463501,3.544019937515259,3.5504817962646484,Traffic:,211,211,211,211
Time:,1.329758882522583,1.646578073501587,3.606980800628662,3.612186908721924,Traffic:,209,209,209,209
Time:,1.3742039203643799,1.7070419788360596,3.699366807937622,3.705333709716797,Traffic:,195,164,164,164
Time:,1.3997297286987305,1.7345876693725586,3.7610666751861572,3.775998830795288,Traffic:,108,108,106,106
Time:,1.44734787940979,1.7870948314666748,3.864884614944458,3.8852078914642334,Traffic:,170,170,170,170


Time:,0.0014619827270507812,0.0020852088928222656,0.0016558170318603516,0.0013179779052734375,Traffic:,16,16,16,16
Time:,0.009038209915161133,0.009495258331298828,0.009616851806640625,0.008911848068237305,Traffic:,38,38,38,38
Time:,0.04372525215148926,0.05496621131896973,0.05244851112365723,0.05362296104431152,Traffic:,89,89,73,73
Time:,0.07783222198486328,0.08925700187683105,0.09104657173156738,0.09310603141784668,Traffic:,134,82,82,82
Time:,0.10290026664733887,0.12522602081298828,0.1392958164215088,0.14206504821777344,Traffic:,112,112,112,112
Time:,0.12297320365905762,0.14619970321655273,0.16937899589538574,0.17682814598083496,Traffic:,64,64,64,64
Time:,0.16208338737487793,0.19267988204956055,0.2523989677429199,0.2635221481323242,Traffic:,158,158,150,150
Time:,0.29598307609558105,0.3660240173339844,0.6307218074798584,0.6322052478790283,Traffic:,378,357,357,357
Time:,0.6495141983032227,0.8560991287231445,2.079981803894043,2.2073974609375,Traffic:,669,605,591,590
Time:,0.6705400943756104,0.8780503273010254,2.1275458335876465,2.255300521850586,Traffic:,86,86,86,86
Time:,1.2032809257507324,1.5287575721740723,3.2230098247528076,3.3967745304107666,Traffic:,334,227,201,201
Time:,1.295107126235962,1.6178035736083984,3.3226659297943115,3.4953794479370117,Traffic:,197,197,197,197
Time:,1.3413069248199463,1.683086633682251,3.4079396724700928,3.577632427215576,Traffic:,237,237,230,230
Time:,1.404585838317871,1.7384085655212402,3.528364896774292,3.695403575897217,Traffic:,173,173,161,161
Time:,1.4407827854156494,1.7743544578552246,3.5803871154785156,3.751936674118042,Traffic:,92,92,92,92
Time:,1.4889576435089111,1.8268077373504639,3.6929101943969727,3.8725666999816895,Traffic:,209,209,204,204


Time:,0.0018951892852783203,0.0016589164733886719,0.0017390251159667969,0.0028028488159179688,Traffic:,9,9,9,9
Time:,0.010604143142700195,0.010325908660888672,0.009791851043701172,0.010457992553710938,Traffic:,54,54,54,54
Time:,0.04055523872375488,0.04372692108154297,0.054247140884399414,0.05627894401550293,Traffic:,44,44,44,44
Time:,0.0721900463104248,0.07950592041015625,0.09962725639343262,0.10400915145874023,Traffic:,115,97,97,97
Time:,0.09901618957519531,0.10872483253479004,0.1480083465576172,0.15421390533447266,Traffic:,116,116,116,116
Time:,0.11921024322509766,0.1300497055053711,0.1813182830810547,0.18809795379638672,Traffic:,86,86,86,86
Time:,0.15994620323181152,0.17110061645507812,0.2657594680786133,0.2764580249786377,Traffic:,121,121,112,112
Time:,0.2963731288909912,0.4662144184112549,0.6351284980773926,0.6778671741485596,Traffic:,451,431,414,414
Time:,0.6721241474151611,1.1142873764038086,2.2408363819122314,2.3806281089782715,Traffic:,678,651,602,602
Time:,0.6962451934814453,1.1384391784667969,2.2824172973632812,2.426229238510132,Traffic:,84,84,81,81
Time:,1.2101473808288574,1.8731575012207031,3.598250389099121,3.7200052738189697,Traffic:,339,227,222,222
Time:,1.3003554344177246,1.969975471496582,3.6983673572540283,3.821606159210205,Traffic:,211,211,211,211
Time:,1.3495416641235352,2.0180044174194336,3.7591214179992676,3.8841793537139893,Traffic:,217,217,211,211
Time:,1.3928866386413574,2.078620433807373,3.855346441268921,3.9782233238220215,Traffic:,202,187,181,181
Time:,1.4199144840240479,2.105555295944214,3.907414197921753,4.041473150253296,Traffic:,123,123,121,121
Time:,1.4669697284698486,2.1532843112945557,4.018646240234375,4.159951210021973,Traffic:,189,189,187,187


Time:,0.0016179084777832031,0.0025937557220458984,0.0015597343444824219,0.0018129348754882812,Traffic:,10,10,10,10
Time:,0.011736869812011719,0.010609626770019531,0.01023244857788086,0.010653972625732422,Traffic:,26,26,26,26
Time:,0.040247201919555664,0.05180954933166504,0.059926509857177734,0.060009002685546875,Traffic:,78,78,73,74
Time:,0.07297325134277344,0.09429550170898438,0.11498045921325684,0.10968303680419922,Traffic:,101,75,75,75
Time:,0.09792542457580566,0.1197366714477539,0.157151460647583,0.15544509887695312,Traffic:,97,97,97,97
Time:,0.12107324600219727,0.1413257122039795,0.18535542488098145,0.1873002052307129,Traffic:,58,58,58,58
Time:,0.16091632843017578,0.19321775436401367,0.2765223979949951,0.27823305130004883,Traffic:,145,145,141,141
Time:,0.2979292869567871,0.4557368755340576,0.649538516998291,0.6585021018981934,Traffic:,390,389,371,371
Time:,0.6678383350372314,0.9712920188903809,2.2371675968170166,2.3773632049560547,Traffic:,655,645,617,616
Time:,0.6895463466644287,0.9980931282043457,2.284536600112915,2.4253203868865967,Traffic:,88,88,83,83
Time:,1.2108511924743652,1.650766134262085,3.4514036178588867,3.6687655448913574,Traffic:,314,250,209,209
Time:,1.3053362369537354,1.7422292232513428,3.559358596801758,3.7732393741607666,Traffic:,216,216,216,216
Time:,1.3528621196746826,1.7941441535949707,3.6213467121124268,3.83662748336792,Traffic:,208,208,205,205
Time:,1.3960790634155273,1.8540093898773193,3.7176828384399414,3.9314534664154053,Traffic:,193,193,181,181
Time:,1.4238100051879883,1.8826172351837158,3.77046275138855,3.988534688949585,Traffic:,89,89,84,84
Time:,1.473337173461914,1.931391954421997,3.877135753631592,4.101436614990234,Traffic:,196,196,191,191


Time:,0.0016460418701171875,0.0016100406646728516,0.0015859603881835938,0.0014469623565673828,Traffic:,8,8,8,8
Time:,0.011922836303710938,0.010036945343017578,0.009539127349853516,0.009732961654663086,Traffic:,36,36,36,36
Time:,0.04192090034484863,0.05150008201599121,0.05902218818664551,0.057856082916259766,Traffic:,66,60,54,54
Time:,0.07393693923950195,0.08528518676757812,0.10666918754577637,0.10664129257202148,Traffic:,126,90,90,90
Time:,0.10320711135864258,0.12220120429992676,0.15910029411315918,0.15907025337219238,Traffic:,123,123,123,123
Time:,0.12408638000488281,0.1440563201904297,0.18866825103759766,0.1895132064819336,Traffic:,59,59,59,59
Time:,0.16330647468566895,0.18932223320007324,0.2776062488555908,0.28327226638793945,Traffic:,144,144,134,134
Time:,0.3010563850402832,0.4200761318206787,0.6610653400421143,0.6564881801605225,Traffic:,379,369,369,369
Time:,0.6799411773681641,0.9424269199371338,2.2897090911865234,2.446707248687744,Traffic:,654,641,581,581
Time:,0.7007861137390137,0.963524341583252,2.3279802799224854,2.484327554702759,Traffic:,76,76,76,76
Time:,1.222193956375122,1.499183177947998,3.516763210296631,3.733288526535034,Traffic:,355,210,200,200
Time:,1.3175806999206543,1.5963902473449707,3.6165032386779785,3.8348677158355713,Traffic:,220,220,220,220
Time:,1.367830753326416,1.645477056503296,3.6733851432800293,3.894336700439453,Traffic:,212,212,207,207
Time:,1.4127304553985596,1.6975908279418945,3.769052267074585,3.987053632736206,Traffic:,174,174,166,165
Time:,1.4398493766784668,1.7271149158477783,3.8238320350646973,4.047531604766846,Traffic:,101,101,94,94
Time:,1.4924876689910889,1.7809808254241943,3.92362904548645,4.156217336654663,Traffic:,203,203,190,190


Time:,0.002006053924560547,0.0027818679809570312,0.0013556480407714844,0.0013508796691894531,Traffic:,7,7,7,7
Time:,0.010268211364746094,0.010400056838989258,0.009100675582885742,0.01008462905883789,Traffic:,43,43,43,43
Time:,0.03858017921447754,0.05513882637023926,0.0549626350402832,0.05802583694458008,Traffic:,75,71,64,64
Time:,0.07249331474304199,0.0878899097442627,0.10176968574523926,0.11335015296936035,Traffic:,133,100,100,100
Time:,0.09883666038513184,0.12508082389831543,0.15093064308166504,0.16211509704589844,Traffic:,96,96,96,96
Time:,0.11849164962768555,0.14576387405395508,0.17757558822631836,0.19071316719055176,Traffic:,63,63,63,63
Time:,0.1569657325744629,0.18595170974731445,0.26242971420288086,0.27691221237182617,Traffic:,108,108,100,100
Time:,0.30071282386779785,0.5002946853637695,0.6325678825378418,0.6587440967559814,Traffic:,463,444,438,444
Time:,0.6642987728118896,0.9202117919921875,2.092484951019287,2.2157692909240723,Traffic:,664,599,583,583
Time:,0.685600757598877,0.9423549175262451,2.1316750049591064,2.257242202758789,Traffic:,80,80,80,80
Time:,1.211721658706665,1.545551061630249,3.1890921592712402,3.3637502193450928,Traffic:,307,213,188,188
Time:,1.3035964965820312,1.6350979804992676,3.287844181060791,3.462191104888916,Traffic:,162,162,162,162
Time:,1.3552749156951904,1.6850311756134033,3.3488712310791016,3.5260558128356934,Traffic:,186,186,186,186
Time:,1.4017839431762695,1.7455403804779053,3.441378116607666,3.619478702545166,Traffic:,184,184,166,166
Time:,1.4303216934204102,1.7723352909088135,3.489151954650879,3.68576979637146,Traffic:,84,84,84,84
Time:,1.4763875007629395,1.8194913864135742,3.5890841484069824,3.7934088706970215,Traffic:,185,185,173,173


