Greedy,Uniform,A*,Dijkstras
Time:,0.027573108673095703,0.04101300239562988,0.035214900970458984,0.02662515640258789
Time:,0.22591590881347656,0.2599492073059082,0.23280596733093262,0.12286615371704102
Time:,0.2811598777770996,0.3338332176208496,0.30026769638061523,0.1500561237335205
Time:,0.31447887420654297,0.3900420665740967,0.36832261085510254,0.17971205711364746
Time:,0.339829683303833,0.44030308723449707,0.43063950538635254,0.20769476890563965
Time:,0.36111974716186523,0.4723508358001709,0.4597456455230713,0.22832465171813965
Time:,0.4207158088684082,0.6740598678588867,1.5982096195220947,1.322065830230713
Time:,3.4708259105682373,9.520961999893188,10.31418776512146,2.4706459045410156
Time:,3.781686782836914,11.101118087768555,12.695659875869751,3.5729238986968994
Time:,3.8281397819519043,11.16988492012024,12.753690004348755,3.6009697914123535
Time:,4.486670970916748,12.597765684127808,14.281868934631348,4.264506816864014
Time:,4.578705072402954,12.693124532699585,14.375173091888428,4.334452867507935
Time:,4.6317949295043945,12.758460283279419,14.446040153503418,4.390215873718262
Time:,4.716615915298462,12.906846284866333,14.585028409957886,4.44609260559082
Time:,4.744247913360596,12.98345422744751,14.64841341972351,4.521983623504639
Time:,4.816804885864258,13.151442289352417,14.764085531234741,4.586435794830322
Greedy,Uniform,A*,Dijkstras
Time:,0.0019130706787109375,0.0015599727630615234,0.001477956771850586,0.0007159709930419922
Time:,0.010851144790649414,0.009433984756469727,0.008539915084838867,0.004334926605224609
Time:,0.043710947036743164,0.05569291114807129,0.05339503288269043,0.028961896896362305
Time:,0.07499265670776367,0.1170358657836914,0.11973690986633301,0.0680549144744873
Time:,0.10376453399658203,0.18041372299194336,0.18349289894104004,0.10216093063354492
Time:,0.13174867630004883,0.23354673385620117,0.21825098991394043,0.12033963203430176
Time:,0.18176651000976562,0.3390657901763916,0.31484413146972656,0.17548871040344238
Time:,0.34131836891174316,0.8129088878631592,0.8113911151885986,0.3732454776763916
Time:,0.7172906398773193,2.92707896232605,2.587707042694092,1.5216295719146729
Time:,0.7403995990753174,3.0232458114624023,2.6430439949035645,1.5445215702056885
Time:,1.39058256149292,4.343400001525879,3.7176499366760254,2.067525625228882
Time:,1.4784324169158936,4.4521307945251465,3.813199758529663,2.1158645153045654
Time:,1.5274434089660645,4.510834693908691,3.8694210052490234,2.1455516815185547
Time:,1.5689854621887207,4.603928804397583,3.9590048789978027,2.1899337768554688
Time:,1.5946342945098877,4.67012357711792,4.004980802536011,2.2252957820892334
Time:,1.6431221961975098,4.767622470855713,4.107659816741943,2.275989055633545
Greedy,Uniform,A*,Dijkstras
Time:,0.001931905746459961,0.0014052391052246094,0.0013709068298339844,0.0006871223449707031
Time:,0.009713888168334961,0.008371353149414062,0.008687973022460938,0.004392385482788086
Time:,0.03945493698120117,0.054525136947631836,0.05231189727783203,0.026929140090942383
Time:,0.0696871280670166,0.10479307174682617,0.10190176963806152,0.05816006660461426
Time:,0.09691619873046875,0.1605679988861084,0.16213059425354004,0.08507800102233887
Time:,0.1158454418182373,0.19555187225341797,0.2078413963317871,0.11320304870605469
Time:,0.15605950355529785,0.280580997467041,0.3021714687347412,0.15660905838012695
Time:,0.2942523956298828,0.6549909114837646,0.671654462814331,0.34020304679870605
Time:,0.6729423999786377,2.248966693878174,2.256744623184204,1.182438850402832
Time:,0.692035436630249,2.283019542694092,2.2871105670928955,1.2010722160339355
Time:,1.2065253257751465,3.4013097286224365,3.299842357635498,1.7138152122497559
Time:,1.3034331798553467,3.566953659057617,3.675307273864746,2.046595335006714
Time:,1.5144150257110596,3.7852954864501953,5.113995313644409,2.0963284969329834
Time:,1.5601367950439453,3.8812835216522217,5.211381196975708,2.1466615200042725
Time:,1.5883655548095703,3.944852352142334,5.264631271362305,2.1883726119995117
Time:,1.637735366821289,4.064099550247192,5.372742414474487,2.248718738555908
Greedy,Uniform,A*,Dijkstras
Time:,0.0015540122985839844,0.0023059844970703125,0.002087116241455078,0.000659942626953125
Time:,0.009557962417602539,0.00985407829284668,0.009613275527954102,0.004794120788574219
Time:,0.03647780418395996,0.07622814178466797,0.06764554977416992,0.046514034271240234
Time:,0.0931098461151123,0.14030694961547852,0.11959457397460938,0.07567691802978516
Time:,0.13368582725524902,0.2196359634399414,0.1928105354309082,0.10690808296203613
Time:,0.16058945655822754,0.2661099433898926,0.23348426818847656,0.12321996688842773
Time:,0.19862747192382812,0.36347079277038574,0.4611999988555908,0.18977785110473633
Time:,0.34360742568969727,0.7700309753417969,0.8935749530792236,0.3721580505371094
Time:,0.6992204189300537,2.336902141571045,2.340681791305542,1.1601660251617432
Time:,0.7198266983032227,2.3855531215667725,2.385093927383423,1.183574914932251
Time:,1.2311468124389648,3.621953248977661,3.624293088912964,1.7855777740478516
Time:,1.3191146850585938,3.7125842571258545,3.7125871181488037,1.8337929248809814
Time:,1.3688857555389404,3.781621217727661,3.7828102111816406,1.8685669898986816
Time:,1.4157078266143799,3.8736801147460938,3.876297950744629,1.9163329601287842
Time:,1.440633773803711,3.926391124725342,3.9266018867492676,1.9483211040496826
Time:,1.4912185668945312,4.043759107589722,4.0246970653533936,2.0042099952697754
Greedy,Uniform,A*,Dijkstras
Time:,0.0015518665313720703,0.0036249160766601562,0.0015501976013183594,0.0006577968597412109
Time:,0.011652946472167969,0.013037919998168945,0.00925898551940918,0.004225730895996094
Time:,0.04060673713684082,0.062274932861328125,0.05385613441467285,0.03512883186340332
Time:,0.07671880722045898,0.11973881721496582,0.1076819896697998,0.06315398216247559
Time:,0.10325264930725098,0.16606974601745605,0.15227818489074707,0.09099602699279785
Time:,0.12887978553771973,0.20223784446716309,0.1821730136871338,0.10714983940124512
Time:,0.1656477451324463,0.31386494636535645,0.2754058837890625,0.15328669548034668
Time:,0.2937657833099365,0.6834988594055176,0.6553816795349121,0.35489463806152344
Time:,0.6293056011199951,2.2656137943267822,2.209261655807495,1.165900707244873
Time:,0.6528575420379639,2.301126718521118,2.240905523300171,1.1834168434143066
Time:,1.1532793045043945,3.479017734527588,3.3746256828308105,1.7649166584014893
Time:,1.239671230316162,3.5727005004882812,3.4719607830047607,1.815354824066162
Time:,1.295147180557251,3.6367766857147217,3.526916742324829,1.8457920551300049
Time:,1.3478922843933105,3.7219996452331543,3.623704671859741,1.8954119682312012
Time:,1.3735215663909912,3.781503677368164,3.6734752655029297,1.9229497909545898
Time:,1.4186956882476807,3.9067599773406982,3.7912721633911133,1.9868817329406738
Greedy,Uniform,A*,Dijkstras
Time:,0.0015752315521240234,0.0014691352844238281,0.0014829635620117188,0.0006961822509765625
Time:,0.010282516479492188,0.009640932083129883,0.009265899658203125,0.004371166229248047
Time:,0.040215492248535156,0.06919360160827637,0.06525421142578125,0.02994823455810547
Time:,0.07086539268493652,0.11767458915710449,0.12110233306884766,0.05800509452819824
Time:,0.09575033187866211,0.16664958000183105,0.16147732734680176,0.08061504364013672
Time:,0.11523723602294922,0.19827866554260254,0.1940915584564209,0.09750103950500488
Time:,0.15381908416748047,0.2803328037261963,0.2686905860900879,0.14055776596069336
Time:,0.2809281349182129,0.663158655166626,0.6460244655609131,0.31928277015686035
Time:,0.6230978965759277,2.337434768676758,2.2544634342193604,1.12886381149292
Time:,0.6423807144165039,2.379323959350586,2.303612232208252,1.152052879333496
Time:,1.1538567543029785,3.401648998260498,3.3052031993865967,1.6472268104553223
Time:,1.2509217262268066,3.4974849224090576,3.4010229110717773,1.695307731628418
Time:,1.2964184284210205,3.555820941925049,3.4581007957458496,1.7274856567382812
Time:,1.3377373218536377,3.644369125366211,3.55391788482666,1.7719776630401611
Time:,1.3622572422027588,3.7007431983947754,3.6049280166625977,1.8015906810760498
Time:,1.4078881740570068,3.812591314315796,3.711711883544922,1.8639864921569824
Greedy,Uniform,A*,Dijkstras
Time:,0.0013668537139892578,0.0016188621520996094,0.0015418529510498047,0.0007159709930419922
Time:,0.009112834930419922,0.008841753005981445,0.00850987434387207,0.0041768550872802734
Time:,0.03568267822265625,0.05516481399536133,0.05588984489440918,0.030093669891357422
Time:,0.0684506893157959,0.0908365249633789,0.0899651050567627,0.053035736083984375
Time:,0.09326744079589844,0.1375277042388916,0.1412980556488037,0.08132672309875488
Time:,0.11239933967590332,0.16593098640441895,0.16552495956420898,0.09714674949645996
Time:,0.14968299865722656,0.24792718887329102,0.2418670654296875,0.13855671882629395
Time:,0.27710700035095215,0.6289520263671875,0.6008899211883545,0.33499646186828613
Time:,0.6747667789459229,2.272258996963501,2.1106200218200684,1.1350243091583252
Time:,0.6941547393798828,2.3104960918426514,2.143512010574341,1.1573245525360107
Time:,1.2241699695587158,3.2500040531158447,3.052046060562134,1.6189544200897217
Time:,1.3117640018463135,3.3466100692749023,3.1471400260925293,1.6663105487823486
Time:,1.3627288341522217,3.404468059539795,3.2071352005004883,1.696946620941162
Time:,1.4037227630615234,3.492640972137451,3.2973554134368896,1.7412927150726318
Time:,1.4286985397338867,3.569218873977661,3.3580143451690674,1.7793939113616943
Time:,1.4781484603881836,3.6689720153808594,3.4513232707977295,1.8309910297393799
Greedy,Uniform,A*,Dijkstras
Time:,0.0016980171203613281,0.001772165298461914,0.0016200542449951172,0.0007131099700927734
Time:,0.010549068450927734,0.009640216827392578,0.009222030639648438,0.004297018051147461
Time:,0.03795814514160156,0.05633831024169922,0.06274795532226562,0.03050088882446289
Time:,0.06799507141113281,0.10770726203918457,0.11330175399780273,0.06098175048828125
Time:,0.09688329696655273,0.16296935081481934,0.16019797325134277,0.08531975746154785
Time:,0.11537504196166992,0.20126748085021973,0.19394373893737793,0.10315370559692383
Time:,0.15943217277526855,0.28580760955810547,0.28510546684265137,0.15352106094360352
Time:,0.2905731201171875,0.6437945365905762,0.6426606178283691,0.32970499992370605
Time:,0.6416962146759033,2.288501501083374,2.109370708465576,1.2446789741516113
Time:,0.665109395980835,2.3377294540405273,2.1556718349456787,1.270380973815918
Time:,1.1716985702514648,3.379242420196533,3.1399219036102295,1.7768821716308594
Time:,1.272667407989502,3.4795265197753906,3.234112024307251,1.8340983390808105
Time:,1.3178493976593018,3.5366904735565186,3.2898120880126953,1.8629481792449951
Time:,1.3592033386230469,3.6316046714782715,3.3790061473846436,1.907637119293213
Time:,1.384364366531372,3.6919338703155518,3.4303300380706787,1.9445672035217285
Time:,1.428941249847412,3.7863869667053223,3.527836799621582,1.9935741424560547
Greedy,Uniform,A*,Dijkstras
Time:,0.0017981529235839844,0.0034837722778320312,0.0014159679412841797,0.0006957054138183594
Time:,0.013331413269042969,0.011311769485473633,0.009195089340209961,0.004438638687133789
Time:,0.04103517532348633,0.053821563720703125,0.050092220306396484,0.026650667190551758
Time:,0.07126712799072266,0.1096653938293457,0.10768318176269531,0.06216263771057129
Time:,0.09635519981384277,0.15717530250549316,0.15624499320983887,0.08649873733520508
Time:,0.11528921127319336,0.18749523162841797,0.18703627586364746,0.10323047637939453
Time:,0.1530742645263672,0.26877903938293457,0.2788844108581543,0.1454606056213379
Time:,0.29824399948120117,0.6417932510375977,0.6391503810882568,0.35373973846435547
Time:,0.630795955657959,2.1558120250701904,2.0635104179382324,1.151343584060669
Time:,0.6502208709716797,2.1911401748657227,2.09592342376709,1.173628568649292
Time:,1.161864995956421,3.217989206314087,3.135246515274048,1.744624376296997
Time:,1.2495481967926025,3.316460132598877,3.2300615310668945,1.793161392211914
Time:,1.3037762641906738,3.373457431793213,3.2853496074676514,1.8228254318237305
Time:,1.3450582027435303,3.455345630645752,3.3745596408843994,1.866147518157959
Time:,1.3709123134613037,3.5182137489318848,3.4301815032958984,1.8983325958251953
Time:,1.4259333610534668,3.648887872695923,3.5443174839019775,1.9608573913574219
Greedy,Uniform,A*,Dijkstras
Time:,0.0017609596252441406,0.0014998912811279297,0.0017650127410888672,0.0006568431854248047
Time:,0.010303974151611328,0.009392976760864258,0.009182214736938477,0.004726886749267578
Time:,0.04027223587036133,0.06529688835144043,0.05519223213195801,0.028293609619140625
Time:,0.07077550888061523,0.11066865921020508,0.09870409965515137,0.05306243896484375
Time:,0.09801363945007324,0.15787267684936523,0.14518189430236816,0.0771024227142334
Time:,0.11648297309875488,0.19705867767333984,0.17971277236938477,0.09950733184814453
Time:,0.1535661220550537,0.2764706611633301,0.2537834644317627,0.14961457252502441
Time:,0.2826840877532959,0.656914472579956,0.6274645328521729,0.3303546905517578
Time:,0.6288371086120605,2.273085594177246,2.1560144424438477,1.1578049659729004
Time:,0.6481533050537109,2.317046642303467,2.1986284255981445,1.1807773113250732
Time:,1.15281343460083,3.4121546745300293,3.1654012203216553,1.7074191570281982
Time:,1.241945505142212,3.506476640701294,3.2796130180358887,1.7551593780517578
Time:,1.287186622619629,3.5767996311187744,3.353358030319214,1.7849714756011963
Time:,1.3297648429870605,3.664806604385376,3.4433646202087402,1.8293225765228271
Time:,1.354719877243042,3.70708966255188,3.4818034172058105,1.8523964881896973
Time:,1.4002220630645752,3.8207175731658936,3.5696444511413574,1.912848711013794
Greedy,Uniform,A*,Dijkstras
Time:,0.0015711784362792969,0.0014460086822509766,0.0017049312591552734,0.0007779598236083984
Time:,0.00970911979675293,0.008972883224487305,0.008725881576538086,0.004394054412841797
Time:,0.03625917434692383,0.05454587936401367,0.05382990837097168,0.028286457061767578
Time:,0.06669831275939941,0.10387182235717773,0.09730362892150879,0.057677507400512695
Time:,0.09087634086608887,0.14314770698547363,0.1360607147216797,0.08086657524108887
Time:,0.11391830444335938,0.17403960227966309,0.16408467292785645,0.0969846248626709
Time:,0.15102148056030273,0.26183080673217773,0.23971271514892578,0.13822436332702637
Time:,0.2793924808502197,0.635645866394043,0.6115896701812744,0.33793210983276367
Time:,0.6421394348144531,2.227794885635376,2.0806984901428223,1.1128320693969727
Time:,0.6619834899902344,2.272908926010132,2.1230344772338867,1.1359879970550537
Time:,1.1717703342437744,3.242464780807495,3.0726635456085205,1.61008620262146
Time:,1.2590043544769287,3.337991714477539,3.182509660720825,1.6580541133880615
Time:,1.3049242496490479,3.4054975509643555,3.2390055656433105,1.6874113082885742
Time:,1.3586554527282715,3.4953744411468506,3.331366539001465,1.7322962284088135
Time:,1.383432388305664,3.551870584487915,3.379781484603882,1.7610163688659668
Time:,1.4283623695373535,3.663909435272217,3.4761507511138916,1.8113665580749512
Greedy,Uniform,A*,Dijkstras
Time:,0.0017359256744384766,0.0014750957489013672,0.0014672279357910156,0.0007109642028808594
Time:,0.010714054107666016,0.010046958923339844,0.009222269058227539,0.004307985305786133
Time:,0.03815126419067383,0.05643177032470703,0.05299019813537598,0.029324054718017578
Time:,0.07497429847717285,0.10861587524414062,0.09922432899475098,0.055558204650878906
Time:,0.09893059730529785,0.15515661239624023,0.1462104320526123,0.08115911483764648
Time:,0.12529563903808594,0.18624472618103027,0.1789696216583252,0.09720420837402344
Time:,0.1625986099243164,0.2827296257019043,0.2571735382080078,0.1400439739227295
Time:,0.2897796630859375,0.6364386081695557,0.6174447536468506,0.3534119129180908
Time:,0.638014554977417,2.32405161857605,2.321892738342285,1.211798906326294
Time:,0.6577675342559814,2.3722646236419678,2.3613908290863037,1.2352867126464844
Time:,1.1716625690460205,3.5269453525543213,3.4714488983154297,1.804823637008667
Time:,1.2707293033599854,3.6264994144439697,3.5785398483276367,1.8541958332061768
Time:,1.3227205276489258,3.6988284587860107,3.633042573928833,1.8840346336364746
Time:,1.364917516708374,3.798933506011963,3.723447561264038,1.929152488708496
Time:,1.3897507190704346,3.847020149230957,3.7720656394958496,1.9544084072113037
Time:,1.4354667663574219,3.9529201984405518,3.86539363861084,2.0060994625091553
Greedy,Uniform,A*,Dijkstras
Time:,0.0015628337860107422,0.0017538070678710938,0.0015192031860351562,0.00067901611328125
Time:,0.009548664093017578,0.009174585342407227,0.008822441101074219,0.0043430328369140625
Time:,0.03637290000915527,0.05755352973937988,0.05723834037780762,0.028774738311767578
Time:,0.0716698169708252,0.1037907600402832,0.10010910034179688,0.05808877944946289
Time:,0.09596085548400879,0.1514146327972412,0.1485280990600586,0.0835256576538086
Time:,0.1150507926940918,0.18551158905029297,0.18482089042663574,0.10416746139526367
Time:,0.15380263328552246,0.275390625,0.2711968421936035,0.14961838722229004
Time:,0.28171658515930176,0.6208264827728271,0.6292476654052734,0.3428843021392822
Time:,0.6286087036132812,2.5104963779449463,2.2839865684509277,1.222787618637085
Time:,0.6486456394195557,2.5419492721557617,2.3140146732330322,1.2449936866760254
Time:,1.1646416187286377,3.6227903366088867,3.383882522583008,1.7887086868286133
Time:,1.252833604812622,3.7488515377044678,3.479238510131836,1.83687162399292
Time:,1.3008365631103516,3.808356523513794,3.537583589553833,1.8667564392089844
Time:,1.342428207397461,3.904571533203125,3.6215226650238037,1.9221465587615967
Time:,1.370129108428955,3.9585065841674805,3.66747784614563,1.9502325057983398
Time:,1.4159550666809082,4.0558836460113525,3.7668228149414062,2.00056529045105
Greedy,Uniform,A*,Dijkstras
Time:,0.0017578601837158203,0.0015518665313720703,0.0014338493347167969,0.0007572174072265625
Time:,0.01061105728149414,0.009599924087524414,0.009229898452758789,0.004453182220458984
Time:,0.039794206619262695,0.05551409721374512,0.050975799560546875,0.026913166046142578
Time:,0.07032585144042969,0.09952497482299805,0.09308481216430664,0.04988598823547363
Time:,0.09665870666503906,0.14723491668701172,0.14005565643310547,0.07394909858703613
Time:,0.11521673202514648,0.17805981636047363,0.16911745071411133,0.09317302703857422
Time:,0.1681218147277832,0.26460790634155273,0.24962520599365234,0.14030098915100098
Time:,0.29511189460754395,0.6264357566833496,0.620387077331543,0.3179340362548828
Time:,0.6487460136413574,2.3856396675109863,2.218553304672241,1.1361322402954102
Time:,0.6709520816802979,2.4252688884735107,2.2572402954101562,1.1580443382263184
Time:,1.1896731853485107,3.382101058959961,3.1578023433685303,1.6647453308105469
Time:,1.3065121173858643,3.477666139602661,3.2532594203948975,1.7125895023345947
Time:,1.354520320892334,3.536856174468994,3.309908390045166,1.7460546493530273
Time:,1.3963403701782227,3.6256542205810547,3.4067413806915283,1.791017770767212
Time:,1.4215271472930908,3.6825053691864014,3.4606432914733887,1.819699764251709
Time:,1.4668750762939453,3.7930033206939697,3.5523054599761963,1.8766376972198486
Greedy,Uniform,A*,Dijkstras
Time:,0.0017061233520507812,0.0016818046569824219,0.0015211105346679688,0.0007660388946533203
Time:,0.01038217544555664,0.009103775024414062,0.008908987045288086,0.004324913024902344
Time:,0.037247419357299805,0.05483269691467285,0.0556178092956543,0.029537200927734375
Time:,0.07291150093078613,0.09356379508972168,0.0931539535522461,0.05817127227783203
Time:,0.09777235984802246,0.14026093482971191,0.13515281677246094,0.0837399959564209
Time:,0.12061929702758789,0.16728687286376953,0.15918898582458496,0.09851622581481934
Time:,0.16219019889831543,0.2552950382232666,0.23920607566833496,0.1408991813659668
Time:,0.2996041774749756,0.6407010555267334,0.7112023830413818,0.3319692611694336
Time:,0.721299409866333,2.593668222427368,2.559497356414795,1.3418045043945312
Time:,0.7461733818054199,2.6377780437469482,2.6090314388275146,1.3660376071929932
Time:,1.288417100906372,3.9010651111602783,3.8729665279388428,1.9498398303985596
Time:,1.3778791427612305,4.014819145202637,4.006898641586304,2.005868911743164
Time:,1.4243402481079102,4.077759027481079,4.074146509170532,2.0391979217529297
Time:,1.4683923721313477,4.1839070320129395,4.165167570114136,2.0841479301452637
Time:,1.4949474334716797,4.251230955123901,4.227645635604858,2.1200900077819824
Time:,1.5406193733215332,4.373673915863037,4.347100734710693,2.1823348999023438
Greedy,Uniform,A*,Dijkstras
Time:,0.0016231536865234375,0.001653909683227539,0.0017161369323730469,0.0007309913635253906
Time:,0.011227130889892578,0.00995492935180664,0.009506940841674805,0.00481867790222168
Time:,0.040464162826538086,0.05454111099243164,0.05472087860107422,0.02974390983581543
Time:,0.07120108604431152,0.11597108840942383,0.10871481895446777,0.05525803565979004
Time:,0.09603309631347656,0.16258788108825684,0.16482806205749512,0.08379292488098145
Time:,0.13095331192016602,0.20202302932739258,0.1947948932647705,0.09937381744384766
Time:,0.16826725006103516,0.29515576362609863,0.3081371784210205,0.15897202491760254
Time:,0.2991030216217041,0.6833617687225342,0.7078092098236084,0.34300804138183594
Time:,0.6904170513153076,2.656355619430542,2.5520641803741455,1.2796928882598877
Time:,0.7097301483154297,2.698343515396118,2.5913760662078857,1.3027546405792236
Time:,1.3486721515655518,3.7241344451904297,3.5803260803222656,1.8966059684753418
Time:,1.495236873626709,3.852245330810547,3.68847393989563,1.9491090774536133
Time:,1.5608420372009277,3.938312292098999,3.7683959007263184,1.9900169372558594
Time:,1.6099791526794434,4.047631025314331,3.935142755508423,2.0592200756073
Time:,1.6465332508087158,4.137532711029053,4.023414611816406,2.103804111480713
Time:,1.7202723026275635,4.228664875030518,4.110491514205933,2.152114152908325
Greedy,Uniform,A*,Dijkstras
Time:,0.0016949176788330078,0.001992940902709961,0.002112150192260742,0.0010590553283691406
Time:,0.012714862823486328,0.016470909118652344,0.016161203384399414,0.006201744079589844
Time:,0.054436683654785156,0.08925890922546387,0.08285021781921387,0.03148365020751953
Time:,0.08541369438171387,0.18219590187072754,0.1820833683013916,0.07236242294311523
Time:,0.13280200958251953,0.2865300178527832,0.2689793109893799,0.11832547187805176
Time:,0.16412925720214844,0.32008814811706543,0.2962791919708252,0.13857150077819824
Time:,0.20542526245117188,0.40517210960388184,0.3827342987060547,0.18359851837158203
Time:,0.3343162536621094,0.7616050243377686,0.7438182830810547,0.36253952980041504
Time:,0.6743574142456055,2.364893674850464,2.282632350921631,1.1563923358917236
Time:,0.6940364837646484,2.3999454975128174,2.3154754638671875,1.1748552322387695
Time:,1.1874423027038574,3.544633626937866,3.4233243465423584,1.750089406967163
Time:,1.2788031101226807,3.6426186561584473,3.5182530879974365,1.7978901863098145
Time:,1.3242502212524414,3.6994516849517822,3.571294069290161,1.8257923126220703
Time:,1.365509271621704,3.7884228229522705,3.660773992538452,1.870185375213623
Time:,1.3907320499420166,3.8524258136749268,3.715049982070923,1.9064881801605225
Time:,1.4383411407470703,3.9526617527008057,3.809072256088257,1.9567921161651611
Greedy,Uniform,A*,Dijkstras
Time:,0.0019729137420654297,0.0015227794647216797,0.0014650821685791016,0.0007538795471191406
Time:,0.011099100112915039,0.009389638900756836,0.008614301681518555,0.004338741302490234
Time:,0.038416147232055664,0.0505216121673584,0.04764914512634277,0.026552438735961914
Time:,0.06866216659545898,0.10807251930236816,0.10855889320373535,0.05641341209411621
Time:,0.09300017356872559,0.15085744857788086,0.15163898468017578,0.07964849472045898
Time:,0.11198616027832031,0.18093538284301758,0.18141889572143555,0.09695625305175781
Time:,0.14861631393432617,0.2682054042816162,0.2736697196960449,0.14123225212097168
Time:,0.2836644649505615,0.6309747695922852,0.6324148178100586,0.31757330894470215
Time:,0.6386487483978271,2.2410099506378174,2.1660027503967285,1.1349492073059082
Time:,0.6585597991943359,2.2878222465515137,2.211103677749634,1.1590840816497803
Time:,1.1513559818267822,3.505507230758667,3.4520416259765625,1.7399420738220215
Time:,1.2386159896850586,3.609866142272949,3.5478978157043457,1.789595127105713
Time:,1.284574031829834,3.6685173511505127,3.6054527759552,1.8196160793304443
Time:,1.3255701065063477,3.7569003105163574,3.694068670272827,1.8639490604400635
Time:,1.3502390384674072,3.8144803047180176,3.745150566101074,1.8932220935821533
Time:,1.3955457210540771,3.9215781688690186,3.8443057537078857,1.957716941833496
Greedy,Uniform,A*,Dijkstras
Time:,0.0019061565399169922,0.0014350414276123047,0.0014519691467285156,0.0006468296051025391
Time:,0.009691238403320312,0.008729219436645508,0.008467912673950195,0.0043828487396240234
Time:,0.036292076110839844,0.055730342864990234,0.05441594123840332,0.029126882553100586
Time:,0.06766200065612793,0.11231446266174316,0.10794997215270996,0.06176590919494629
Time:,0.09172582626342773,0.15460538864135742,0.14986205101013184,0.0836787223815918
Time:,0.11067891120910645,0.18833518028259277,0.18003320693969727,0.10170173645019531
Time:,0.14847707748413086,0.2750840187072754,0.26757144927978516,0.1464986801147461
Time:,0.2766439914703369,0.6530299186706543,0.6300323009490967,0.32902050018310547
Time:,0.6688199043273926,2.3113701343536377,2.510514497756958,1.2023062705993652
Time:,0.6936671733856201,2.3488690853118896,2.5476315021514893,1.2210922241210938
Time:,1.1789162158966064,3.4454400539398193,3.5818023681640625,1.8179972171783447
Time:,1.281670093536377,3.543032169342041,3.7051801681518555,1.8904201984405518
Time:,1.3556652069091797,3.6205992698669434,3.7705740928649902,1.9214701652526855
Time:,1.398468255996704,3.766104221343994,3.876800060272217,1.9671361446380615
Time:,1.4236950874328613,3.8250722885131836,3.9220030307769775,1.9936072826385498
Time:,1.4696393013000488,3.9522013664245605,4.024921894073486,2.0431485176086426
Greedy,Uniform,A*,Dijkstras
Time:,0.0016448497772216797,0.0019459724426269531,0.0014467239379882812,0.0006952285766601562
Time:,0.01073765754699707,0.010476827621459961,0.009643793106079102,0.004780292510986328
Time:,0.03977155685424805,0.06144905090332031,0.0703577995300293,0.038181304931640625
Time:,0.09039139747619629,0.14064598083496094,0.13662362098693848,0.07665634155273438
Time:,0.1322181224822998,0.21857905387878418,0.21390056610107422,0.11460757255554199
Time:,0.16428613662719727,0.2715482711791992,0.2549715042114258,0.14112353324890137
Time:,0.21503710746765137,0.3572103977203369,0.3428645133972168,0.18162083625793457
Time:,0.3550992012023926,0.7360045909881592,0.7917037010192871,0.36040806770324707
Time:,0.7162222862243652,2.2477529048919678,2.2153213024139404,1.3261702060699463
Time:,0.7465653419494629,2.3118739128112793,2.29150652885437,1.357173204421997
Time:,1.2920494079589844,3.388995885848999,3.390075445175171,2.2319650650024414
Time:,1.4132206439971924,3.5959348678588867,3.5504353046417236,2.2795803546905518
Time:,1.4596095085144043,3.6542117595672607,3.6078124046325684,2.30942440032959
Time:,1.5010957717895508,3.7434206008911133,3.6972362995147705,2.3609213829040527
Time:,1.5272235870361328,3.7919974327087402,3.7392923831939697,2.387096405029297
Time:,1.5723626613616943,3.8901734352111816,3.8236804008483887,2.4376273155212402
Greedy,Uniform,A*,Dijkstras
Time:,0.0015947818756103516,0.0015439987182617188,0.0013539791107177734,0.0006778240203857422
Time:,0.009408950805664062,0.00904083251953125,0.008594036102294922,0.006165742874145508
Time:,0.04116964340209961,0.05167675018310547,0.04990196228027344,0.03227376937866211
Time:,0.07115054130554199,0.10485363006591797,0.09892010688781738,0.06640386581420898
Time:,0.09792232513427734,0.15435385704040527,0.1473371982574463,0.09044790267944336
Time:,0.11893749237060547,0.18783211708068848,0.18143129348754883,0.10847973823547363
Time:,0.16125845909118652,0.27327728271484375,0.27103209495544434,0.15579986572265625
Time:,0.291675329208374,0.6440291404724121,0.6382699012756348,0.34577298164367676
Time:,0.6345851421356201,2.1818389892578125,2.00905704498291,1.1066317558288574
Time:,0.6549999713897705,2.2237162590026855,2.0467190742492676,1.1290757656097412
Time:,1.1513869762420654,3.354889392852783,3.1081409454345703,1.6629743576049805
Time:,1.2433080673217773,3.450357437133789,3.2031009197235107,1.7106842994689941
Time:,1.2888178825378418,3.5077595710754395,3.2593319416046143,1.7401061058044434
Time:,1.329908847808838,3.596778392791748,3.3478288650512695,1.7847659587860107
Time:,1.3556280136108398,3.669570207595825,3.4134838581085205,1.8205888271331787
Time:,1.401082992553711,3.775336265563965,3.518821954727173,1.8762519359588623
Greedy,Uniform,A*,Dijkstras
Time:,0.0016570091247558594,0.0015938282012939453,0.0015869140625,0.0007097721099853516
Time:,0.010200023651123047,0.009533882141113281,0.008802175521850586,0.004429817199707031
Time:,0.03849911689758301,0.05420684814453125,0.05061197280883789,0.027728796005249023
Time:,0.06837201118469238,0.1034848690032959,0.10076403617858887,0.0539247989654541
Time:,0.09247303009033203,0.15102672576904297,0.1454172134399414,0.07808279991149902
Time:,0.11196613311767578,0.18494462966918945,0.1771700382232666,0.0961916446685791
Time:,0.1487140655517578,0.26952648162841797,0.25922107696533203,0.1393418312072754
Time:,0.2746288776397705,0.6368002891540527,0.6188180446624756,0.3224916458129883
Time:,0.6070249080657959,2.2248833179473877,2.0792088508605957,1.1193246841430664
Time:,0.62648606300354,2.26509428024292,2.1172945499420166,1.1413326263427734
Time:,1.1116628646850586,3.1267101764678955,2.9560375213623047,1.582629680633545
Time:,1.1997320652008057,3.2218782901763916,3.050389528274536,1.6293177604675293
Time:,1.245452880859375,3.2789642810821533,3.1096086502075195,1.6582615375518799
Time:,1.286715030670166,3.367406129837036,3.1980297565460205,1.703099250793457
Time:,1.311784029006958,3.4180610179901123,3.245842933654785,1.7295773029327393
Time:,1.3566842079162598,3.533802032470703,3.3494207859039307,1.789703369140625
Greedy,Uniform,A*,Dijkstras
Time:,0.0016682147979736328,0.0016760826110839844,0.0013692378997802734,0.0006778240203857422
Time:,0.009328365325927734,0.008585214614868164,0.008788347244262695,0.004364967346191406
Time:,0.03563547134399414,0.055521488189697266,0.05514645576477051,0.027812957763671875
Time:,0.06617331504821777,0.09974241256713867,0.09850144386291504,0.057826995849609375
Time:,0.09082221984863281,0.14609932899475098,0.14424729347229004,0.08135819435119629
Time:,0.10949826240539551,0.17655014991760254,0.17459726333618164,0.09702444076538086
Time:,0.1459963321685791,0.25722217559814453,0.252758264541626,0.14050507545471191
Time:,0.27378344535827637,0.6110031604766846,0.605553388595581,0.31833386421203613
Time:,0.6032853126525879,1.971479892730713,2.0002036094665527,0.9915356636047363
Time:,0.6230294704437256,2.0150938034057617,2.044654369354248,1.0155229568481445
Time:,1.110302448272705,3.0412020683288574,3.011768341064453,1.5380539894104004
Time:,1.1975774765014648,3.137312173843384,3.1072263717651367,1.5867180824279785
Time:,1.2439196109771729,3.2046310901641846,3.1641643047332764,1.6168100833892822
Time:,1.285782814025879,3.2941601276397705,3.253044366836548,1.6612260341644287
Time:,1.3115417957305908,3.353951930999756,3.303225517272949,1.6928050518035889
Time:,1.3572635650634766,3.4727988243103027,3.4118523597717285,1.753744125366211
Greedy,Uniform,A*,Dijkstras
Time:,0.0016589164733886719,0.0016312599182128906,0.001489877700805664,0.0007050037384033203
Time:,0.010020017623901367,0.010766267776489258,0.008967876434326172,0.0041348934173583984
Time:,0.03696918487548828,0.06043410301208496,0.060356855392456055,0.029669761657714844
Time:,0.06725239753723145,0.0976259708404541,0.09580183029174805,0.04920768737792969
Time:,0.09163331985473633,0.1437668800354004,0.14115595817565918,0.07310962677001953
Time:,0.11025094985961914,0.17593884468078613,0.1723496913909912,0.09189057350158691
Time:,0.14722299575805664,0.26016974449157715,0.2559926509857178,0.1352705955505371
Time:,0.27402520179748535,0.615863561630249,0.5997765064239502,0.3138847351074219
Time:,0.6039330959320068,2.197420597076416,2.1106815338134766,1.1033740043640137
Time:,0.6234889030456543,2.2391905784606934,2.152418613433838,1.1255290508270264
Time:,1.1089510917663574,3.260871648788452,3.1045634746551514,1.6346909999847412
Time:,1.1959171295166016,3.3550665378570557,3.199202299118042,1.6825520992279053
Time:,1.2413461208343506,3.413820505142212,3.255389451980591,1.7122399806976318
Time:,1.2819337844848633,3.501490592956543,3.3365044593811035,1.7568340301513672
Time:,1.3067076206207275,3.555490732192993,3.387676477432251,1.785719871520996
Time:,1.3518788814544678,3.667482852935791,3.48891019821167,1.844010829925537
Greedy,Uniform,A*,Dijkstras
Time:,0.0015590190887451172,0.0015468597412109375,0.001477956771850586,0.0007107257843017578
Time:,0.009392976760864258,0.008786678314208984,0.008548974990844727,0.004152774810791016
Time:,0.03574109077453613,0.05102872848510742,0.050710201263427734,0.02691197395324707
Time:,0.06594514846801758,0.08418965339660645,0.08234024047851562,0.059919118881225586
Time:,0.09720420837402344,0.12974762916564941,0.12772512435913086,0.08343911170959473
Time:,0.11617398262023926,0.1563096046447754,0.15420103073120117,0.09796333312988281
Time:,0.15294885635375977,0.2415003776550293,0.23639798164367676,0.14202332496643066
Time:,0.28004980087280273,0.6009702682495117,0.5930731296539307,0.32169532775878906
Time:,0.6071019172668457,2.068495273590088,1.9508330821990967,1.0163955688476562
Time:,0.6270120143890381,2.10105037689209,1.982835054397583,1.0349266529083252
Time:,1.1162290573120117,3.1511991024017334,2.9681339263916016,1.5414786338806152
Time:,1.2034940719604492,3.245723247528076,3.062870979309082,1.589235782623291
Time:,1.2485201358795166,3.3041670322418213,3.1196541786193848,1.6194088459014893
Time:,1.2896182537078857,3.3931360244750977,3.208329200744629,1.666275978088379
Time:,1.3148784637451172,3.4606399536132812,3.264355182647705,1.7017581462860107
Time:,1.360656499862671,3.559509038925171,3.3596229553222656,1.7537660598754883
Greedy,Uniform,A*,Dijkstras
Time:,0.0015082359313964844,0.0015301704406738281,0.001291036605834961,0.0006351470947265625
Time:,0.010222196578979492,0.008724451065063477,0.008617162704467773,0.004159212112426758
Time:,0.044295310974121094,0.05544447898864746,0.05147409439086914,0.027093887329101562
Time:,0.07490038871765137,0.1040194034576416,0.09841704368591309,0.05314493179321289
Time:,0.09873151779174805,0.14807963371276855,0.1446058750152588,0.07938694953918457
Time:,0.12349247932434082,0.18622875213623047,0.17599987983703613,0.10284304618835449
Time:,0.16201066970825195,0.27027463912963867,0.254119873046875,0.1458122730255127
Time:,0.28861188888549805,0.6211745738983154,0.6082208156585693,0.32147932052612305
Time:,0.6115918159484863,2.0579476356506348,1.9490230083465576,1.045722246170044
Time:,0.6308627128601074,2.0976955890655518,1.9866790771484375,1.066251516342163
Time:,1.115283489227295,3.0663294792175293,2.92352294921875,1.5406725406646729
Time:,1.2017664909362793,3.1600537300109863,3.0186679363250732,1.5890417098999023
Time:,1.247654676437378,3.2174527645111084,3.0753650665283203,1.6184539794921875
Time:,1.2890048027038574,3.3057830333709717,3.164574146270752,1.6637611389160156
Time:,1.3142335414886475,3.3725662231445312,3.2221662998199463,1.6985881328582764
Time:,1.359621286392212,3.4673922061920166,3.312317371368408,1.7486860752105713
Greedy,Uniform,A*,Dijkstras
Time:,0.0015180110931396484,0.0014278888702392578,0.0013058185577392578,0.0006530284881591797
Time:,0.009349822998046875,0.008629798889160156,0.008420228958129883,0.0042421817779541016
Time:,0.041127681732177734,0.0563356876373291,0.0551152229309082,0.029748916625976562
Time:,0.07211971282958984,0.10284161567687988,0.10079121589660645,0.053038597106933594
Time:,0.0962076187133789,0.147230863571167,0.14399337768554688,0.07629561424255371
Time:,0.11503767967224121,0.1776258945465088,0.17404937744140625,0.09229063987731934
Time:,0.15201878547668457,0.26547813415527344,0.2620222568511963,0.1366124153137207
Time:,0.279437780380249,0.6210293769836426,0.6197035312652588,0.3164055347442627
Time:,0.6052227020263672,2.219038486480713,2.1601505279541016,1.1127493381500244
Time:,0.6246247291564941,2.261892557144165,2.203481674194336,1.1348872184753418
Time:,1.111421823501587,3.1650023460388184,3.025423765182495,1.5660653114318848
Time:,1.1988275051116943,3.261437177658081,3.1214258670806885,1.6138432025909424
Time:,1.245166540145874,3.319524049758911,3.17995285987854,1.6439495086669922
Time:,1.2930543422698975,3.4078781604766846,3.2693371772766113,1.6884734630584717
Time:,1.3185102939605713,3.4636614322662354,3.3212811946868896,1.7192013263702393
Time:,1.3636384010314941,3.5705885887145996,3.422194004058838,1.7748024463653564
Greedy,Uniform,A*,Dijkstras
Time:,0.0017447471618652344,0.0014910697937011719,0.001383066177368164,0.000701904296875
Time:,0.009407758712768555,0.008401870727539062,0.008632898330688477,0.004311084747314453
Time:,0.041475772857666016,0.05171370506286621,0.05033588409423828,0.027614116668701172
Time:,0.07224559783935547,0.10173583030700684,0.10060381889343262,0.053369998931884766
Time:,0.09656476974487305,0.14909577369689941,0.14879512786865234,0.07746410369873047
Time:,0.11548304557800293,0.1803150177001953,0.1787123680114746,0.09384799003601074
Time:,0.15291213989257812,0.2610471248626709,0.2584824562072754,0.13590216636657715
Time:,0.27892208099365234,0.617469310760498,0.6149313449859619,0.31608033180236816
Time:,0.6049683094024658,2.1710753440856934,2.0904502868652344,1.0934112071990967
Time:,0.6240122318267822,2.2137203216552734,2.130685329437256,1.1158621311187744
Time:,1.106628179550171,3.3473663330078125,3.1932201385498047,1.6678972244262695
Time:,1.1939570903778076,3.4424543380737305,3.2882392406463623,1.715888261795044
Time:,1.2392830848693848,3.50120210647583,3.345945358276367,1.745882272720337
Time:,1.279982089996338,3.5893361568450928,3.431206464767456,1.7901334762573242
Time:,1.3056890964508057,3.6543452739715576,3.4913947582244873,1.8241534233093262
Time:,1.3513069152832031,3.751467227935791,3.581796884536743,1.8741633892059326
Greedy,Uniform,A*,Dijkstras
Time:,0.0015537738800048828,0.0015180110931396484,0.001458883285522461,0.0006511211395263672
Time:,0.008936643600463867,0.008625030517578125,0.008408069610595703,0.004173994064331055
Time:,0.04040694236755371,0.04978513717651367,0.04840803146362305,0.026173114776611328
Time:,0.07218194007873535,0.09773635864257812,0.09363698959350586,0.05294609069824219
Time:,0.09613299369812012,0.14241647720336914,0.13773107528686523,0.07616710662841797
Time:,0.11443209648132324,0.17371249198913574,0.1695249080657959,0.09222626686096191
Time:,0.15142822265625,0.3247683048248291,0.26380372047424316,0.13748812675476074
Time:,0.2800321578979492,0.6907622814178467,0.6334316730499268,0.3198890686035156
Time:,0.6104731559753418,2.2866873741149902,2.134751558303833,1.1204628944396973
Time:,0.6299710273742676,2.3268544673919678,2.173659324645996,1.1414988040924072
Time:,1.1143591403961182,3.2558846473693848,3.088169574737549,1.608489751815796
Time:,1.2020740509033203,3.3498857021331787,3.1831886768341064,1.655991792678833
Time:,1.2471439838409424,3.408360719680786,3.2424113750457764,1.6853077411651611
Time:,1.2886462211608887,3.4972736835479736,3.331599473953247,1.7303557395935059
Time:,1.3135402202606201,3.555417776107788,3.3842415809631348,1.7615149021148682
Time:,1.358809232711792,3.6486127376556396,3.498011589050293,1.8315410614013672
Greedy,Uniform,A*,Dijkstras
Time:,0.0017218589782714844,0.001964092254638672,0.0017902851104736328,0.000823974609375
Time:,0.013391733169555664,0.011325359344482422,0.011432409286499023,0.005792856216430664
Time:,0.04294466972351074,0.05837535858154297,0.05785846710205078,0.03055596351623535
Time:,0.07426691055297852,0.09834933280944824,0.09438538551330566,0.052286624908447266
Time:,0.09828996658325195,0.1365983486175537,0.1300351619720459,0.07416868209838867
Time:,0.11730408668518066,0.1701371669769287,0.1599900722503662,0.09200477600097656
Time:,0.15414714813232422,0.25699615478515625,0.24802207946777344,0.13596582412719727
Time:,0.28031229972839355,0.6202211380004883,0.6135070323944092,0.31867194175720215
Time:,0.6114511489868164,2.2259349822998047,2.0891408920288086,1.1044697761535645
Time:,0.63045334815979,2.2620699405670166,2.1206748485565186,1.1249687671661377
Time:,1.1186532974243164,3.3402698040008545,3.1145520210266113,1.663238763809204
Time:,1.2057304382324219,3.435570001602173,3.210134983062744,1.71148681640625
Time:,1.2509815692901611,3.494748115539551,3.2661092281341553,1.7408947944641113
Time:,1.2922866344451904,3.5828731060028076,3.3489432334899902,1.7853388786315918
Time:,1.3170783519744873,3.6355392932891846,3.399576187133789,1.8132407665252686
Time:,1.3624653816223145,3.732088327407837,3.491704225540161,1.863297939300537
Greedy,Uniform,A*,Dijkstras
Time:,0.0014789104461669922,0.0015439987182617188,0.0014107227325439453,0.0006747245788574219
Time:,0.009273767471313477,0.00904083251953125,0.00867152214050293,0.0044057369232177734
Time:,0.035515546798706055,0.05136847496032715,0.05127453804016113,0.02682971954345703
Time:,0.0659627914428711,0.09812045097351074,0.09706544876098633,0.05553174018859863
Time:,0.09021782875061035,0.1423816680908203,0.14166665077209473,0.07847380638122559
Time:,0.10886693000793457,0.17463159561157227,0.1724095344543457,0.09465265274047852
Time:,0.1458427906036377,0.26218581199645996,0.2568213939666748,0.1386716365814209
Time:,0.27350878715515137,0.6438870429992676,0.6292283535003662,0.32889556884765625
Time:,0.603611946105957,2.2386748790740967,2.171126365661621,1.1285314559936523
Time:,0.6235408782958984,2.2817299365997314,2.213289260864258,1.1520557403564453
Time:,1.1069328784942627,3.34110689163208,3.2350780963897705,1.6729507446289062
Time:,1.1939277648925781,3.4369850158691406,3.3425939083099365,1.723524570465088
Time:,1.2402129173278809,3.4963021278381348,3.4003119468688965,1.753279685974121
Time:,1.2820310592651367,3.587186098098755,3.489319086074829,1.8000617027282715
Time:,1.3069298267364502,3.6448862552642822,3.5378289222717285,1.8305635452270508
Time:,1.351916790008545,3.7388341426849365,3.629711866378784,1.8810744285583496
Greedy,Uniform,A*,Dijkstras
Time:,0.0015931129455566406,0.0015149116516113281,0.001451730728149414,0.0007302761077880859
Time:,0.009872198104858398,0.009267091751098633,0.008612632751464844,0.004888057708740234
Time:,0.03692126274108887,0.055387020111083984,0.054242610931396484,0.029248952865600586
Time:,0.06708216667175293,0.1117391586303711,0.11100530624389648,0.05906081199645996
Time:,0.0910491943359375,0.15731430053710938,0.15468525886535645,0.08352184295654297
Time:,0.11025714874267578,0.1940772533416748,0.18931031227111816,0.1026158332824707
Time:,0.14751911163330078,0.27661609649658203,0.270233154296875,0.15325593948364258
Time:,0.2746620178222656,0.6280322074890137,0.6229050159454346,0.3301818370819092
Time:,0.6655261516571045,2.291112184524536,2.265267848968506,1.1903927326202393
Time:,0.684990406036377,2.319767951965332,2.2911899089813232,1.207474708557129
Time:,1.1690294742584229,3.3333938121795654,3.2647898197174072,1.713782787322998
Time:,1.2562623023986816,3.427412748336792,3.3591887950897217,1.7613756656646729
Time:,1.3014671802520752,3.4860737323760986,3.4182989597320557,1.7913167476654053
Time:,1.343311071395874,3.573166608810425,3.5017991065979004,1.8362126350402832
Time:,1.3677799701690674,3.622840642929077,3.5462090969085693,1.8627707958221436
Time:,1.4139437675476074,3.71698260307312,3.648808002471924,1.9117050170898438
Greedy,Uniform,A*,Dijkstras
Time:,0.0016388893127441406,0.0015177726745605469,0.0016520023345947266,0.0006768703460693359
Time:,0.009783744812011719,0.008797883987426758,0.009061813354492188,0.004212856292724609
Time:,0.036705732345581055,0.052343130111694336,0.04993271827697754,0.027792692184448242
Time:,0.06702876091003418,0.09125423431396484,0.08757400512695312,0.054266929626464844
Time:,0.09110379219055176,0.13440728187561035,0.13063406944274902,0.0776360034942627
Time:,0.11013102531433105,0.1749873161315918,0.1659688949584961,0.10009002685546875
Time:,0.14739298820495605,0.25973033905029297,0.24891877174377441,0.1432816982269287
Time:,0.2760627269744873,0.627859354019165,0.6118106842041016,0.3430769443511963
Time:,0.608325719833374,2.0999042987823486,2.0110135078430176,1.0734989643096924
Time:,0.6280128955841064,2.1375653743743896,2.0463263988494873,1.0936298370361328
Time:,1.1199419498443604,3.0890612602233887,2.958543539047241,1.575476884841919
Time:,1.2072458267211914,3.1782515048980713,3.04498553276062,1.6210417747497559
Time:,1.2531437873840332,3.2369234561920166,3.105238676071167,1.6561808586120605
Time:,1.2948837280273438,3.327448844909668,3.2005996704101562,1.7066559791564941
Time:,1.319760799407959,3.375494956970215,3.2422916889190674,1.732146978378296
Time:,1.3776485919952393,3.475006103515625,3.3346009254455566,1.7839937210083008
Greedy,Uniform,A*,Dijkstras
Time:,0.0017600059509277344,0.0016057491302490234,0.001322031021118164,0.0006799697875976562
Time:,0.010238170623779297,0.010282754898071289,0.008610248565673828,0.004240989685058594
Time:,0.037235260009765625,0.0520937442779541,0.05129098892211914,0.0274808406829834
Time:,0.06781697273254395,0.10796570777893066,0.10674905776977539,0.05709481239318848
Time:,0.0916297435760498,0.15389657020568848,0.1531050205230713,0.08121609687805176
Time:,0.11049580574035645,0.1838057041168213,0.18351292610168457,0.09794092178344727
Time:,0.14764976501464844,0.2690558433532715,0.2680528163909912,0.14181804656982422
Time:,0.273669958114624,0.6430919170379639,0.621269702911377,0.3205533027648926
Time:,0.6079630851745605,2.230466842651367,2.202049732208252,1.28182053565979
Time:,0.6276400089263916,2.2750608921051025,2.24641752243042,1.3046905994415283
Time:,1.11456298828125,3.216968059539795,3.148195505142212,1.7622034549713135
Time:,1.2039799690246582,3.3122551441192627,3.23887038230896,1.808009386062622
Time:,1.2495830059051514,3.3708770275115967,3.297489643096924,1.8375494480133057
Time:,1.2904880046844482,3.458930015563965,3.3863866329193115,1.8822782039642334
Time:,1.3154799938201904,3.5199482440948486,3.4377713203430176,1.9144573211669922
Time:,1.3605608940124512,3.619743585586548,3.5306472778320312,1.9660511016845703
Greedy,Uniform,A*,Dijkstras
Time:,0.001542806625366211,0.0015780925750732422,0.0016956329345703125,0.0006852149963378906
Time:,0.009673833847045898,0.008552074432373047,0.008764505386352539,0.004330158233642578
Time:,0.03602480888366699,0.05429506301879883,0.053864479064941406,0.028223276138305664
Time:,0.06655502319335938,0.10130143165588379,0.09976434707641602,0.05718421936035156
Time:,0.09078836441040039,0.14899659156799316,0.14803028106689453,0.08131909370422363
Time:,0.10966253280639648,0.1777358055114746,0.17708349227905273,0.0971989631652832
Time:,0.14716362953186035,0.2640507221221924,0.2625718116760254,0.1412670612335205
Time:,0.2745087146759033,0.6228525638580322,0.6241927146911621,0.3222672939300537
Time:,0.6066625118255615,2.130694627761841,1.937452793121338,1.1670820713043213
Time:,0.6319472789764404,2.179393768310547,1.9972705841064453,1.189568042755127
Time:,1.4226503372192383,3.6908764839172363,3.1106226444244385,1.7931020259857178
Time:,1.5103604793548584,3.786134719848633,3.2151217460632324,1.8412480354309082
Time:,1.5558865070343018,3.8461596965789795,3.272280693054199,1.877769947052002
Time:,1.5970873832702637,3.9359617233276367,3.379288911819458,1.9232509136199951
Time:,1.6223804950714111,3.9993996620178223,3.431105852127075,1.9548869132995605
Time:,1.670459508895874,4.117198467254639,3.53723406791687,2.01396107673645
Greedy,Uniform,A*,Dijkstras
Time:,0.0017809867858886719,0.0015559196472167969,0.0014407634735107422,0.0009138584136962891
Time:,0.011031150817871094,0.009501934051513672,0.00901484489440918,0.004915714263916016
Time:,0.03800225257873535,0.05557870864868164,0.056227684020996094,0.02849864959716797
Time:,0.06820130348205566,0.11008501052856445,0.11032581329345703,0.057089805603027344
Time:,0.09283828735351562,0.16172504425048828,0.15713191032409668,0.08128571510314941
Time:,0.11186814308166504,0.19223785400390625,0.18744587898254395,0.09702181816101074
Time:,0.15186429023742676,0.2796037197113037,0.27417778968811035,0.14545297622680664
Time:,0.2803804874420166,0.6626925468444824,0.6366333961486816,0.33364105224609375
Time:,0.7609667778015137,2.55085825920105,5.747725486755371,3.4785947799682617
Time:,0.7796757221221924,2.591559410095215,5.786877632141113,3.5009639263153076
Time:,1.440300703048706,4.561341285705566,7.509322643280029,4.2190728187561035
Time:,1.5534467697143555,4.678893327713013,7.613551378250122,4.276087999343872
Time:,1.6040098667144775,4.742661237716675,7.6670262813568115,4.3044209480285645
Time:,1.6539998054504395,4.831811189651489,7.765993356704712,4.349055051803589
Time:,1.6817028522491455,4.9146270751953125,7.828387498855591,4.389117002487183
Time:,1.743574857711792,5.0472681522369385,7.944657564163208,4.465930223464966
Greedy,Uniform,A*,Dijkstras
Time:,0.001558065414428711,0.0017549991607666016,0.0014498233795166016,0.0010020732879638672
Time:,0.01341700553894043,0.01038217544555664,0.009582757949829102,0.0059239864349365234
Time:,0.04309201240539551,0.06176424026489258,0.06081271171569824,0.03500699996948242
Time:,0.07883119583129883,0.1191854476928711,0.12686491012573242,0.06565690040588379
Time:,0.11083745956420898,0.17345046997070312,0.1762380599975586,0.09045171737670898
Time:,0.13311171531677246,0.21078038215637207,0.20809221267700195,0.10670876502990723
Time:,0.17041778564453125,0.3025681972503662,0.29297614097595215,0.15112066268920898
Time:,0.29882168769836426,0.7017581462860107,0.6566822528839111,0.35299134254455566
Time:,0.7568376064300537,2.359774112701416,2.2003159523010254,1.2736432552337646
Time:,0.7860696315765381,2.4092631340026855,2.245166063308716,1.3052210807800293
Time:,1.3990123271942139,3.6833560466766357,3.51582407951355,1.874647855758667
Time:,1.4866993427276611,3.778329849243164,3.611114025115967,1.9224698543548584
Time:,1.5318875312805176,3.836529016494751,3.667160987854004,1.952178716659546
Time:,1.5727694034576416,3.9263710975646973,3.75657320022583,1.9972617626190186
Time:,1.597883701324463,3.9782330989837646,3.805495023727417,2.0277304649353027
Time:,1.6451025009155273,4.070158243179321,3.889765739440918,2.0782647132873535
Greedy,Uniform,A*,Dijkstras
Time:,0.003052949905395508,0.0017049312591552734,0.0015552043914794922,0.0006918907165527344
Time:,0.012578964233398438,0.01007986068725586,0.010067224502563477,0.004827976226806641
Time:,0.04485678672790527,0.05748867988586426,0.05911064147949219,0.028586864471435547
Time:,0.07529664039611816,0.10636258125305176,0.1076195240020752,0.05380702018737793
Time:,0.09957146644592285,0.14771747589111328,0.14678263664245605,0.07638025283813477
Time:,0.11916732788085938,0.18652844429016113,0.17808866500854492,0.0918722152709961
Time:,0.15592741966247559,0.27490925788879395,0.27060770988464355,0.13758635520935059
Time:,0.28679442405700684,0.6250643730163574,0.6567947864532471,0.31496334075927734
Time:,0.6255784034729004,2.108718156814575,2.057853937149048,1.0475914478302002
Time:,0.6452157497406006,2.1425561904907227,2.0899999141693115,1.0657105445861816
Time:,1.1306419372558594,2.989396333694458,2.8712310791015625,1.4897441864013672
Time:,1.2188990116119385,3.0851471424102783,2.9852120876312256,1.537222146987915
Time:,1.2645370960235596,3.1444201469421387,3.043025016784668,1.5671000480651855
Time:,1.3067049980163574,3.2290031909942627,3.11751389503479,1.6104631423950195
Time:,1.3317999839782715,3.2958083152770996,3.171407699584961,1.6451120376586914
Time:,1.3772521018981934,3.3988993167877197,3.2667088508605957,1.6987659931182861
Greedy,Uniform,A*,Dijkstras
Time:,0.0016520023345947266,0.0020139217376708984,0.0015659332275390625,0.0007138252258300781
Time:,0.009847879409790039,0.009753942489624023,0.00910806655883789,0.004407644271850586
Time:,0.036334991455078125,0.05038285255432129,0.04860401153564453,0.02737283706665039
Time:,0.06657719612121582,0.08450579643249512,0.08978009223937988,0.04632377624511719
Time:,0.09068727493286133,0.13050198554992676,0.13259291648864746,0.07012677192687988
Time:,0.10924935340881348,0.16222190856933594,0.16460394859313965,0.08765959739685059
Time:,0.14620637893676758,0.2467339038848877,0.2426319122314453,0.12987756729125977
Time:,0.27384233474731445,0.6352307796478271,0.6231460571289062,0.33679866790771484
Time:,0.6067640781402588,2.728508949279785,2.1790270805358887,1.1120717525482178
Time:,0.6261992454528809,2.767263889312744,2.2169129848480225,1.1335935592651367
Time:,1.113349199295044,3.6430208683013916,3.090122699737549,1.5695698261260986
Time:,1.200423240661621,3.7373390197753906,3.185398817062378,1.6177659034729004
Time:,1.245919942855835,3.7963249683380127,3.2443768978118896,1.647845983505249
Time:,1.2873640060424805,3.8851029872894287,3.331498861312866,1.6973450183868408
Time:,1.3122389316558838,3.9513750076293945,3.386598825454712,1.7319059371948242
Time:,1.3575408458709717,4.047708988189697,3.4770689010620117,1.784027099609375
Greedy,Uniform,A*,Dijkstras
Time:,0.0016109943389892578,0.0015518665313720703,0.0015811920166015625,0.0010690689086914062
Time:,0.010505914688110352,0.00989079475402832,0.008760213851928711,0.0045359134674072266
Time:,0.03780198097229004,0.055809736251831055,0.052567243576049805,0.028713703155517578
Time:,0.06787705421447754,0.09722375869750977,0.09375238418579102,0.051256418228149414
Time:,0.09181499481201172,0.14442682266235352,0.14123249053955078,0.07567453384399414
Time:,0.11078691482543945,0.17483878135681152,0.17116951942443848,0.0915534496307373
Time:,0.14901304244995117,0.2608318328857422,0.26176953315734863,0.13904738426208496
Time:,0.27655792236328125,0.6157059669494629,0.6118555068969727,0.33223533630371094
Time:,0.6143739223480225,2.211519241333008,2.16161847114563,1.100311040878296
Time:,0.6337721347808838,2.256263256072998,2.204301595687866,1.1242220401763916
Time:,1.118025302886963,3.2545011043548584,3.151944875717163,1.6172711849212646
Time:,1.2062220573425293,3.3536972999572754,3.245884895324707,1.666666030883789
Time:,1.2520010471343994,3.4126272201538086,3.307856321334839,1.7002921104431152
Time:,1.2955639362335205,3.5143332481384277,3.4111413955688477,1.7747559547424316
Time:,1.3238399028778076,3.568340301513672,3.4537055492401123,1.8011939525604248
Time:,1.3690228462219238,3.6820733547210693,3.5482304096221924,1.8523750305175781
Greedy,Uniform,A*,Dijkstras
Time:,0.00928187370300293,0.001657247543334961,0.0023810863494873047,0.0008549690246582031
Time:,0.017941951751708984,0.011904239654541016,0.01544499397277832,0.005659818649291992
Time:,0.05076289176940918,0.057001352310180664,0.059194087982177734,0.030135631561279297
Time:,0.11108279228210449,0.1608743667602539,0.12446117401123047,0.06083178520202637
Time:,0.1363697052001953,0.21589326858520508,0.17983531951904297,0.08506989479064941
Time:,0.15731239318847656,0.2667810916900635,0.22730302810668945,0.10430765151977539
Time:,0.21218562126159668,0.40279293060302734,0.31908702850341797,0.17710375785827637
Time:,0.44896960258483887,0.8571007251739502,0.7257909774780273,0.47435498237609863
Time:,0.9068183898925781,2.8317477703094482,3.216243028640747,1.5049481391906738
Time:,0.9307684898376465,2.878882884979248,3.2621071338653564,1.530026912689209
Time:,1.5600364208221436,5.049102783203125,5.095174074172974,2.4403958320617676
Time:,1.7064523696899414,5.2024476528167725,5.2473649978637695,2.5156116485595703
Time:,1.7811863422393799,5.29202675819397,5.333486080169678,2.563736915588379
Time:,1.8453004360198975,5.427469730377197,5.467834949493408,2.630760908126831
Time:,1.8828394412994385,5.512707710266113,5.559609889984131,2.6922078132629395
Time:,1.9596242904663086,5.727822542190552,5.702530860900879,2.760420799255371
Greedy,Uniform,A*,Dijkstras
Time:,0.0016851425170898438,0.0018172264099121094,0.001474142074584961,0.0007452964782714844
Time:,0.010732889175415039,0.010456085205078125,0.009872913360595703,0.005048274993896484
Time:,0.03928399085998535,0.08434629440307617,0.10599780082702637,0.05587410926818848
Time:,0.0913238525390625,0.17917132377624512,0.1921219825744629,0.0904841423034668
Time:,0.13280177116394043,0.2636229991912842,0.2731189727783203,0.13547110557556152
Time:,0.16532278060913086,0.31734514236450195,0.3311789035797119,0.17177414894104004
Time:,0.23067879676818848,0.42292094230651855,0.4273667335510254,0.2269442081451416
Time:,0.3803257942199707,0.8660750389099121,0.8649897575378418,0.4833376407623291
Time:,0.736487865447998,2.735677719116211,2.9664406776428223,1.4613556861877441
Time:,0.7591819763183594,2.782200574874878,3.0046238899230957,1.4859015941619873
Time:,1.3440322875976562,4.045041561126709,4.269516944885254,2.0253963470458984
Time:,1.4378740787506104,4.134547710418701,4.373379945755005,2.072951316833496
Time:,1.4836459159851074,4.207965612411499,4.441455841064453,2.1072840690612793
Time:,1.5247938632965088,4.302044630050659,4.565196990966797,2.153362989425659
Time:,1.5500469207763672,4.378842830657959,4.672595739364624,2.194856882095337
Time:,1.6014208793640137,4.504705905914307,4.760363817214966,2.2483487129211426
Greedy,Uniform,A*,Dijkstras
Time:,0.0018360614776611328,0.0015778541564941406,0.002054929733276367,0.001065969467163086
Time:,0.014047861099243164,0.010343790054321289,0.014484167098999023,0.004994630813598633
Time:,0.05388998985290527,0.07719278335571289,0.07386326789855957,0.03579068183898926
Time:,0.08449602127075195,0.12307476997375488,0.1329362392425537,0.06842756271362305
Time:,0.11673688888549805,0.17046165466308594,0.18099522590637207,0.09528350830078125
Time:,0.14217686653137207,0.21016359329223633,0.2158200740814209,0.1117556095123291
Time:,0.1951887607574463,0.3119394779205322,0.30786800384521484,0.15344572067260742
Time:,0.32483863830566406,0.7077374458312988,0.7435131072998047,0.3514988422393799
Time:,0.758596658706665,2.5223453044891357,2.559983015060425,1.2192959785461426
Time:,0.7876245975494385,2.582524299621582,2.6025640964508057,1.2487740516662598
Time:,1.287430763244629,4.1949303150177,3.945936918258667,1.8285801410675049
Time:,1.4042787551879883,4.290119409561157,4.04000186920166,1.8766453266143799
Time:,1.4496076107025146,4.3555803298950195,4.0979087352752686,1.906548261642456
Time:,1.4936017990112305,4.461184024810791,4.186751842498779,1.9509680271148682
Time:,1.5188257694244385,4.513662099838257,4.2322447299957275,1.9763429164886475
Time:,1.564058780670166,4.614327907562256,4.344949722290039,2.028453826904297
Greedy,Uniform,A*,Dijkstras
Time:,0.001631021499633789,0.0016069412231445312,0.0015079975128173828,0.0007410049438476562
Time:,0.009950876235961914,0.009687662124633789,0.008684158325195312,0.004338979721069336
Time:,0.03691983222961426,0.05632162094116211,0.07608985900878906,0.0375981330871582
Time:,0.06810760498046875,0.10400557518005371,0.12164902687072754,0.06338930130004883
Time:,0.09217667579650879,0.150193452835083,0.17698192596435547,0.0951380729675293
Time:,0.11259055137634277,0.18337154388427734,0.211745023727417,0.11174607276916504
Time:,0.14951157569885254,0.296189546585083,0.3204691410064697,0.1551210880279541
Time:,0.2862966060638428,0.6743395328521729,0.6799101829528809,0.3647472858428955
Time:,0.6187953948974609,2.2429325580596924,2.108365297317505,1.1568470001220703
Time:,0.6380615234375,2.274911403656006,2.1456754207611084,1.182800054550171
Time:,1.1999924182891846,3.297149419784546,3.1188395023345947,1.7830772399902344
Time:,1.2958974838256836,3.398493528366089,3.2126574516296387,1.8303344249725342
Time:,1.3472371101379395,3.456350564956665,3.2686855792999268,1.8599295616149902
Time:,1.387930154800415,3.544888734817505,3.359189510345459,1.90446138381958
Time:,1.4127323627471924,3.6231658458709717,3.4243786334991455,1.9410781860351562
Time:,1.4617044925689697,3.7262938022613525,3.5115387439727783,1.9915812015533447
Greedy,Uniform,A*,Dijkstras
Time:,0.0016109943389892578,0.0014767646789550781,0.001483917236328125,0.0015358924865722656
Time:,0.00939488410949707,0.009356021881103516,0.009093761444091797,0.005055904388427734
Time:,0.03574085235595703,0.05615997314453125,0.053122758865356445,0.027850866317749023
Time:,0.06973385810852051,0.09848713874816895,0.0917205810546875,0.05454587936401367
Time:,0.09415388107299805,0.13962006568908691,0.12930965423583984,0.07661175727844238
Time:,0.11326098442077637,0.16953110694885254,0.16084957122802734,0.09271764755249023
Time:,0.15114474296569824,0.25720715522766113,0.24467849731445312,0.13652825355529785
Time:,0.2790360450744629,0.6192352771759033,0.5997436046600342,0.3477191925048828
Time:,0.6087770462036133,2.2657933235168457,2.43015456199646,1.165945053100586
Time:,0.630784273147583,2.3076682090759277,2.486525774002075,1.1913740634918213
Time:,1.2092182636260986,3.3585593700408936,3.543267011642456,1.7020127773284912
Time:,1.296093463897705,3.4533324241638184,3.6387410163879395,1.75006103515625
Time:,1.3414835929870605,3.51179838180542,3.6943376064300537,1.7801289558410645
Time:,1.3828322887420654,3.6014702320098877,3.781712532043457,1.8257300853729248
Time:,1.40757155418396,3.6587953567504883,3.8346714973449707,1.855679988861084
Time:,1.4659347534179688,3.7347381114959717,3.9109256267547607,1.896042823791504
Greedy,Uniform,A*,Dijkstras
Time:,0.001667022705078125,0.0016887187957763672,0.0015921592712402344,0.0008680820465087891
Time:,0.010829925537109375,0.00980067253112793,0.009259223937988281,0.004474163055419922
Time:,0.038426876068115234,0.051749467849731445,0.051435232162475586,0.02685713768005371
Time:,0.06899905204772949,0.10181379318237305,0.10173606872558594,0.055680036544799805
Time:,0.09440398216247559,0.13788104057312012,0.13716602325439453,0.07682609558105469
Time:,0.11347699165344238,0.1701030731201172,0.16314911842346191,0.09470510482788086
Time:,0.1501758098602295,0.2571582794189453,0.2635231018066406,0.13983511924743652
Time:,0.2969508171081543,0.645930290222168,0.6159732341766357,0.31861233711242676
Time:,0.6324927806854248,2.268338203430176,2.277085065841675,1.1997413635253906
Time:,0.6525206565856934,2.3083784580230713,2.3075389862060547,1.2246441841125488
Time:,1.1837286949157715,3.533836603164673,3.622530937194824,1.907027006149292
Time:,1.2716827392578125,3.662203788757324,3.7198538780212402,1.955636978149414
Time:,1.3365614414215088,3.7206497192382812,3.778082847595215,1.9853339195251465
Time:,1.3778533935546875,3.8106558322906494,3.867143154144287,2.0326030254364014
Time:,1.4068872928619385,3.8792755603790283,3.9367282390594482,2.078630208969116
Time:,1.4582843780517578,3.97442364692688,4.0282392501831055,2.126347303390503
Greedy,Uniform,A*,Dijkstras
Time:,0.0016019344329833984,0.00150299072265625,0.0014679431915283203,0.0006508827209472656
Time:,0.009557008743286133,0.008772134780883789,0.00875997543334961,0.004601716995239258
Time:,0.04293680191040039,0.07479119300842285,0.05712318420410156,0.028767824172973633
Time:,0.07336187362670898,0.1214761734008789,0.10094714164733887,0.0579838752746582
Time:,0.09726691246032715,0.16937708854675293,0.14873743057250977,0.08465290069580078
Time:,0.12534475326538086,0.21231818199157715,0.17987966537475586,0.10099387168884277
Time:,0.16263580322265625,0.2912421226501465,0.27391552925109863,0.1416776180267334
Time:,0.3074178695678711,0.7063891887664795,0.7308454513549805,0.3440206050872803
Time:,0.6347339153289795,2.509777069091797,2.516475200653076,1.291710615158081
Time:,0.6548240184783936,2.5496790409088135,2.5500314235687256,1.313997745513916
Time:,1.215527057647705,3.5611412525177,3.465669631958008,1.8174448013305664
Time:,1.3025078773498535,3.6672401428222656,3.5620484352111816,1.8655529022216797
Time:,1.3483166694641113,3.7240891456604004,3.6163883209228516,1.8937478065490723
Time:,1.3894915580749512,3.812777280807495,3.7031376361846924,1.9380488395690918
Time:,1.4150667190551758,3.8650741577148438,3.752971649169922,1.9660930633544922
Time:,1.4599387645721436,3.964418411254883,3.848501682281494,2.0202760696411133
Greedy,Uniform,A*,Dijkstras
Time:,0.0015778541564941406,0.0016410350799560547,0.0015087127685546875,0.0006928443908691406
Time:,0.010173797607421875,0.009594202041625977,0.009241580963134766,0.004339694976806641
Time:,0.03748655319213867,0.057856082916259766,0.05665755271911621,0.029743671417236328
Time:,0.06818461418151855,0.09949278831481934,0.09645366668701172,0.052254438400268555
Time:,0.09257054328918457,0.1448829174041748,0.13806581497192383,0.07671356201171875
Time:,0.11118459701538086,0.18097591400146484,0.17725396156311035,0.09632253646850586
Time:,0.14959025382995605,0.26711106300354004,0.26338720321655273,0.14246749877929688
Time:,0.2872803211212158,0.6406841278076172,0.6437492370605469,0.3245863914489746
Time:,0.7641632556915283,2.5216572284698486,2.368880271911621,1.5202832221984863
Time:,0.7844054698944092,2.559643268585205,2.409825086593628,1.5446803569793701
Time:,1.281785249710083,3.5681352615356445,3.364286184310913,2.036121368408203
Time:,1.3728282451629639,3.6630351543426514,3.462064266204834,2.08392333984375
Time:,1.4182860851287842,3.719702959060669,3.517583131790161,2.1135494709014893
Time:,1.4593181610107422,3.8080596923828125,3.5987460613250732,2.1599605083465576
Time:,1.484508991241455,3.8573036193847656,3.649855852127075,2.186244487762451
Time:,1.5302307605743408,3.944410800933838,3.734090805053711,2.233327627182007
Greedy,Uniform,A*,Dijkstras
Time:,0.0011551380157470703,0.0012929439544677734,0.0011372566223144531,0.0006289482116699219
Time:,0.008278131484985352,0.008325815200805664,0.008106470108032227,0.004222869873046875
Time:,0.03529715538024902,0.05587482452392578,0.05378127098083496,0.02869105339050293
Time:,0.06580424308776855,0.10086989402770996,0.09790515899658203,0.052559852600097656
Time:,0.09032225608825684,0.14864587783813477,0.14583539962768555,0.07694792747497559
Time:,0.10920214653015137,0.17982792854309082,0.1776113510131836,0.09407901763916016
Time:,0.1459643840789795,0.26736974716186523,0.2642183303833008,0.14006781578063965
Time:,0.2895383834838867,0.6254477500915527,0.6235542297363281,0.3240070343017578
Time:,0.6641645431518555,2.1317245960235596,2.0224342346191406,1.0830838680267334
Time:,0.6840286254882812,2.1742427349090576,2.0640742778778076,1.105008602142334
Time:,1.1747465133666992,3.329556465148926,3.302732467651367,1.8242206573486328
Time:,1.2753853797912598,3.425382614135742,3.3992972373962402,1.8857197761535645
Time:,1.3237271308898926,3.484569549560547,3.460369348526001,1.9174139499664307
Time:,1.3667621612548828,3.572113275527954,3.5452144145965576,1.961792230606079
Time:,1.391796350479126,3.624389171600342,3.597348213195801,1.988952398300171
Time:,1.4432141780853271,3.7333791255950928,3.70527720451355,2.045403242111206
Greedy,Uniform,A*,Dijkstras
Time:,0.002149820327758789,0.001497030258178711,0.0014562606811523438,0.0007202625274658203
Time:,0.010944843292236328,0.009927034378051758,0.009111404418945312,0.004317522048950195
Time:,0.03812289237976074,0.05456233024597168,0.05297970771789551,0.027927160263061523
Time:,0.06882858276367188,0.09844231605529785,0.09699058532714844,0.05192303657531738
Time:,0.09286260604858398,0.14342713356018066,0.1413588523864746,0.07587099075317383
Time:,0.11185860633850098,0.1731879711151123,0.17089080810546875,0.09159302711486816
Time:,0.1491105556488037,0.25885677337646484,0.2531249523162842,0.1356980800628662
Time:,0.27634549140930176,0.6101119518280029,0.6082220077514648,0.31241297721862793
Time:,0.6212863922119141,2.250433921813965,2.0808069705963135,1.1313841342926025
Time:,0.6413223743438721,2.2914719581604004,2.1168320178985596,1.1522293090820312
Time:,1.1254093647003174,3.454430103302002,3.2820286750793457,1.71720552444458
Time:,1.2123563289642334,3.547746181488037,3.384976863861084,1.7651453018188477
Time:,1.2577345371246338,3.6066014766693115,3.4431979656219482,1.795274257659912
Time:,1.2989153861999512,3.6954386234283447,3.5322301387786865,1.8413972854614258
Time:,1.3241684436798096,3.7659497261047363,3.6153273582458496,1.8879523277282715
Time:,1.3710095882415771,3.9058446884155273,3.7203731536865234,1.972318410873413
